Outlet ID,Outlet Name,KA Manager,Segment,Is Active,Has Fridge,Last Day Volume Actual,Last Day Volume Target,Last Day Volume Achievement,Last Day Visit Completion,Last Day JP Adherence,Last Day Fridge Productivity,Last Day Execution Actual,Last Day Execution Target,Last Day Execution Achievement,MTD Volume Actual,MTD Volume Target,MTD Volume Achievement,MTD Visit Completion,MTD JP Adherence,MTD Fridge Productivity,MTD Execution Actual,MTD Execution Target,MTD Execution Achievement,MTD Execution Date,MTD Execution Done By,MTD Execution Comment,YTD Volume Actual,YTD Volume Target,YTD Volume Achievement,YTD Visit Completion,YTD JP Adherence,YTD Fridge Productivity,YTD Execution Actual,YTD Execution Target,YTD Execution Achievement,Status
178430,Faceoff,Netsanet,Unspecified,True,False,0.0,1.3043478260869565,0.0,,,,,,,0.0,18.26086956521739,0.0,0.0,,,,,,,,,0.0,63.0,0.0,0.0,,,,,,Critical
257457,Kategna Bar and Restaurant,Netsanet,Unspecified,True,False,0.0,1.3043478260869565,0.0,,,,,,,0.0,18.26086956521739,0.0,0.0,,,,,,,,,0.0,30.0,0.0,0.0,,,,,,Critical
1000359,Kaleb Hotel,Netsanet,Unspecified,True,False,0.0,1.3043478260869565,0.0,,,,,,,6.0,18.26086956521739,0.32857142857142857,1.0,1.0,,,,,,,,34.0,63.0,0.5396825396825397,1.1666666666666667,0.8571428571428571,,,,,Critical
1000401,Beer Garden Inn.,Netsanet,Unspecified,True,False,0.0,1.3043478260869565,0.0,,,,,,,0.0,18.26086956521739,0.0,1.0,1.0,,,,,,,,6.0,63.0,0.09523809523809523,1.0,0.8333333333333334,,,,,Critical
1000403,Bonanza Addis Hotel,Netsanet,Unspecified,True,False,0.0,3.180434782608696,0.0,,,,,,,17.0,44.526086956521745,0.38179865247534417,1.0,1.0,,,,,,,,65.0,286.0,0.22727272727272727,0.6666666666666666,1.0,,,,,Critical
1000506,Saro-maria Hotel,Netsanet,Unspecified,True,False,0.0,1.3043478260869565,0.0,,,,,,,11.0,18.26086956521739,0.6023809523809524,1.0,1.0,,,,,,,,21.0,63.0,0.3333333333333333,0.8333333333333334,1.0,,,,,At Risk
1000507,Friendship Hotel,Netsanet,Unspecified,True,False,0.0,1.3043478260869565,0.0,,,,,,,54.0,18.26086956521739,2.9571428571428573,1.0,1.0,,,,,,,,66.0,63.916666666666664,1.032594524119948,1.0,1.0,,,,,On Track
1000762,Relianece hotel,Netsanet,Unspecified,True,False,0.0,1.3043478260869565,0.0,,,,,,,0.0,18.26086956521739,0.0,0.0,,,,,,,,,6.0,63.0,0.09523809523809523,1.0,0.3333333333333333,,,,,Critical
1000770,Ramada Hotel,Netsanet,Unspecified,True,False,0.0,1.8891304347826088,0.0,,,,,,,31.0,26.447826086956525,1.1721190202202858,1.0,0.5,,,,,,,,47.0,107.43333333333334,0.4374806081290723,0.8,0.5,,,,,On Track
1000772,Yober Hotel,Netsanet,Unspecified,True,False,0.0,1.3043478260869565,0.0,,,,,,,6.0,18.26086956521739,0.32857142857142857,1.0,0.5,,,,,,,,30.0,63.0,0.47619047619047616,0.8333333333333334,0.8,,,,,Critical
1000814,2000 Habesha Cultural House,Netsanet,Unspecified,True,True,0.0,2.4152173913043478,0.0,,,0.0,,,,22.0,33.81304347826087,0.6506364922206506,1.0,0.5,1.1,,,,,,,45.0,88.73333333333333,0.507137490608565,1.0,0.75,0.22388059701492538,,,,At Risk
1001071,Antica Bar and Restaurant,Netsanet,Unspecified,True,False,0.0,1.3043478260869565,0.0,,,,,,,4.0,18.26086956521739,0.21904761904761905,1.0,0.5,,,,,,,,9.0,63.0,0.14285714285714285,1.0,0.75,,,,,Critical
1001090,Bole Wings Bar and Restaurant,Netsanet,Unspecified,True,True,0.0,1.3043478260869565,0.0,,,0.0,,,,11.0,18.26086956521739,0.6023809523809524,0.0,,0.55,,,,,,,22.0,63.0,0.3492063492063492,0.6666666666666666,1.0,0.10945273631840796,,,,At Risk
1001703,Ethiopia Hotel No. 2,Netsanet,Unspecified,True,False,0.0,1.3043478260869565,0.0,0.0,,,,,,12.0,18.26086956521739,0.6571428571428571,0.5,1.0,,,,,,,,32.0,63.0,0.5079365079365079,0.75,1.0,,,,,At Risk
1001746,Right Bar and Res,Netsanet,Unspecified,True,True,0.0,1.9608695652173913,0.0,,,0.0,,,,7.0,27.45217391304348,0.25498891352549885,0.0,,0.35,,,,,,,39.0,202.4,0.19268774703557312,0.3333333333333333,1.0,0.19402985074626866,,,,Critical
1001794,Washington Hotel,Netsanet,Unspecified,True,True,0.0,1.3043478260869565,0.0,,,0.0,,,,12.0,18.26086956521739,0.6571428571428571,1.0,0.5,0.6,,,,,,,28.0,63.0,0.4444444444444444,0.8,0.75,0.13930348258706468,,,,At Risk
1001845,Desalegn Hotel,Netsanet,Unspecified,True,True,0.0,1.3391304347826087,0.0,,,0.0,,,,6.0,18.747826086956522,0.32003710575139144,1.0,0.5,0.3,,,,,,,36.0,63.8,0.5642633228840126,1.0,0.75,0.1791044776119403,,,,Critical
1003197,Nega Bonger Hotel,Netsanet,Unspecified,True,False,0.0,1.434782608695652,0.0,,,,,,,13.0,20.086956521739133,0.6471861471861471,0.0,,,,,,,,,39.0,66.0,0.5909090909090909,0.3333333333333333,1.0,,,,,At Risk
1004020,Kategna Bar and Restaurant,Netsanet,Unspecified,True,False,0.0,1.9608695652173913,0.0,,,,,,,14.0,27.45217391304348,0.5099778270509977,1.0,1.0,,,,,,,,37.0,83.23333333333335,0.4445334401281537,1.0,0.75,,,,,At Risk
1004044,Desalech Kitfo bet,Netsanet,Unspecified,True,True,0.0,1.3043478260869565,0.0,,,0.0,,,,13.0,18.26086956521739,0.7119047619047619,1.0,1.0,0.65,,,,,,,29.0,63.0,0.4603174603174603,1.0,0.75,0.14427860696517414,,,,At Risk
1004409,Megersa Batu,Netsanet,Unspecified,True,True,0.0,2.391304347826087,0.0,,,0.0,,,,34.0,33.47826086956522,1.0155844155844156,0.0,,1.7,,,,,,,66.0,149.78333333333333,0.44063647490820074,0.3333333333333333,1.0,0.3283582089552239,,,,On Track
1005178,Teshomeche Cultural Restaurant,Netsanet,Unspecified,True,False,0.0,1.3043478260869565,0.0,,,,,,,3.0,18.26086956521739,0.16428571428571428,1.0,1.0,,,,,,,,5.0,63.0,0.07936507936507936,1.0,1.0,,,,,Critical
1008584,Marriott Hotel,Netsanet,Unspecified,True,True,0.0,1.3043478260869565,0.0,,,0.0,,,,0.0,18.26086956521739,0.0,0.0,,0.0,,,,,,,0.0,63.0,0.0,0.0,,0.0,,,,Critical
1008894,Kenenisa Hotel,Netsanet,Unspecified,True,False,0.0,1.3043478260869565,0.0,,,,,,,4.0,18.26086956521739,0.21904761904761905,0.0,,,,,,,,,10.0,63.0,0.15873015873015872,0.8,1.0,,,,,Critical
1009121,Foyat Hotel,Netsanet,Unspecified,True,True,0.0,3.610869565217391,0.0,,,0.0,,,,19.0,50.55217391304348,0.37584931624666723,0.0,,0.95,,,,,,,52.0,176.0,0.29545454545454547,0.6666666666666666,1.0,0.25870646766169153,,,,Critical
1009628,greek club,Netsanet,Unspecified,True,False,0.0,1.3043478260869565,0.0,,,,,,,0.0,18.26086956521739,0.0,0.0,,,,,,,,,19.0,63.0,0.30158730158730157,0.6666666666666666,1.0,,,,,Critical
1009656,the lions den hotel,Netsanet,Unspecified,True,False,0.0,1.3043478260869565,0.0,,,,,,,3.0,18.26086956521739,0.16428571428571428,0.0,,,,,,,,,13.0,63.0,0.20634920634920634,0.6666666666666666,1.0,,,,,Critical
1011735,Sabon Hotel,Netsanet,Unspecified,True,False,0.0,1.3043478260869565,0.0,,,,,,,0.0,18.26086956521739,0.0,0.5,1.0,,,,,,,,5.0,30.0,0.16666666666666666,0.5,1.0,,,,,Critical
1011906,Momona Hotel,Netsanet,Unspecified,True,False,0.0,1.3043478260869565,0.0,,,,,,,0.0,18.26086956521739,0.0,1.0,0.5,,,,,,,,6.0,63.0,0.09523809523809523,1.25,0.4,,,,,Critical
1011907,Friendship Supermarket,Netsanet,Unspecified,True,False,0.0,2.1282608695652177,0.0,,,,,,,15.0,29.795652173913048,0.5034291551145483,1.0,1.0,,,,,,,,23.0,82.31666666666666,0.27940878720388745,1.0,0.75,,,,,At Risk
1014298,Double Black Bar and Restaurant,Netsanet,Unspecified,True,True,0.0,1.3043478260869565,0.0,0.0,,0.0,,,,6.0,18.26086956521739,0.32857142857142857,0.5,1.0,0.3,,,,,,,20.0,63.0,0.31746031746031744,0.75,1.0,0.09950248756218906,,,,Critical
1016573,Tya,Netsanet,Unspecified,True,False,0.0,1.3043478260869565,0.0,,,,,,,0.0,18.26086956521739,0.0,1.0,1.0,,,,,,,,10.0,63.0,0.15873015873015872,0.75,1.0,,,,,Critical
1016684,Dreamliner Hotel,Netsanet,Unspecified,True,False,0.0,1.3043478260869565,0.0,,,,,,,0.0,18.26086956521739,0.0,1.0,1.0,,,,,,,,12.0,30.0,0.4,1.5,0.6666666666666666,,,,,Critical
1016879,Abem butchery,Netsanet,Unspecified,True,True,0.0,1.5543478260869565,0.0,0.0,,0.0,,,,19.0,21.760869565217394,0.873126873126873,0.5,1.0,0.95,,,,,,,55.0,68.75,0.8,0.8,1.0,0.2736318407960199,,,,Watch
1016883,Gize bar,Netsanet,Unspecified,True,True,0.0,1.3043478260869565,0.0,,,0.0,,,,12.0,18.26086956521739,0.6571428571428571,1.0,1.0,0.6,,,,,,,39.0,63.0,0.6190476190476191,1.0,1.0,0.19402985074626866,,,,At Risk
1016884,Andinet butchery,Netsanet,Unspecified,True,True,0.0,1.3043478260869565,0.0,0.0,,0.0,,,,10.0,18.26086956521739,0.5476190476190477,0.5,1.0,0.5,,,,,,,32.0,63.0,0.5079365079365079,0.8,1.0,0.15920398009950248,,,,At Risk
1020216,Cleste Hotel,Netsanet,Unspecified,True,False,0.0,1.3043478260869565,0.0,0.0,,,,,,1.0,18.26086956521739,0.05476190476190476,0.5,1.0,,,,,,,,4.0,63.0,0.06349206349206349,0.8,1.0,,,,,Critical
1020888,meskel flower hotel,Netsanet,Unspecified,True,False,0.0,1.3043478260869565,0.0,,,,,,,4.0,18.26086956521739,0.21904761904761905,1.0,1.0,,,,,,,,11.0,63.0,0.1746031746031746,1.0,1.0,,,,,Critical
1023050,Rodeo Addis,Netsanet,Unspecified,True,True,0.0,1.3043478260869565,0.0,,,0.0,,,,15.0,18.26086956521739,0.8214285714285715,0.0,,0.75,,,,,,,21.0,63.0,0.3333333333333333,0.6666666666666666,1.0,0.1044776119402985,,,,Watch
1024272,Azzeman Hotel,Netsanet,Unspecified,True,True,0.0,1.3043478260869565,0.0,,,0.0,,,,6.0,18.26086956521739,0.32857142857142857,1.0,0.5,0.3,,,,,,,12.0,63.0,0.19047619047619047,1.0,0.75,0.05970149253731343,,,,Critical
1024273,Magnolia Hotel,Netsanet,Unspecified,True,False,0.0,1.3043478260869565,0.0,,,,,,,5.0,18.26086956521739,0.27380952380952384,1.0,0.5,,,,,,,,11.0,63.0,0.1746031746031746,0.8,0.75,,,,,Critical
1024356,Velvet Bar and Restaurant,Netsanet,Unspecified,True,False,0.0,1.3043478260869565,0.0,,,,,,,0.0,18.26086956521739,0.0,0.0,,,,,,,,,3.0,63.0,0.047619047619047616,0.75,1.0,,,,,Critical
1024681,Sakura Japanese Restaurant,Netsanet,Unspecified,True,False,0.0,1.3043478260869565,0.0,,,,,,,0.0,18.26086956521739,0.0,1.0,1.0,,,,,,,,6.0,63.0,0.09523809523809523,1.0,1.0,,,,,Critical
1024795,men yitebes,Netsanet,Unspecified,True,False,0.0,1.3043478260869565,0.0,,,,,,,0.0,18.26086956521739,0.0,1.0,1.0,,,,,,,,11.0,63.0,0.1746031746031746,1.25,0.8,,,,,Critical
1024822,China Town Bar and Restaurant,Netsanet,Unspecified,True,False,0.0,3.7782608695652176,0.0,,,,,,,62.0,52.89565217391305,1.1721190202202858,1.0,1.0,,,,,,,,141.0,184.8,0.762987012987013,1.0,1.0,,,,,On Track
1025537,Tulip olympia hotel,Netsanet,Unspecified,True,False,0.0,1.3043478260869565,0.0,,,,,,,6.0,18.26086956521739,0.32857142857142857,1.0,1.0,,,,,,,,28.0,63.0,0.4444444444444444,1.0,1.0,,,,,Critical
1025643,Lalibela Hotel,Netsanet,Unspecified,True,False,0.0,1.626086956521739,0.0,,,,,,,9.0,22.765217391304347,0.3953399541634836,1.0,1.0,,,,,,,,40.0,72.41666666666666,0.5523590333716917,1.0,1.0,,,,,Critical
1046406,Venetian Hotel,Netsanet,Unspecified,True,True,0.0,1.3043478260869565,0.0,,,0.0,,,,22.0,18.26086956521739,1.2047619047619047,0.0,,1.1,,,,,,,28.0,63.0,0.4444444444444444,0.6,1.0,0.13930348258706468,,,,On Track
1046424,Sun City  Supermarket,Netsanet,Unspecified,True,True,0.0,1.673913043478261,0.0,,,0.0,,,,33.0,23.434782608695652,1.4081632653061225,0.0,,1.65,,,,,,,84.0,71.5,1.1748251748251748,0.8,1.0,0.417910447761194,,,,On Track
1048146,Shi jia zhuang restaurant,Netsanet,Unspecified,True,False,0.0,1.626086956521739,0.0,,,,,,,27.0,22.765217391304347,1.1860198624904508,1.0,1.0,,,,,,,,71.0,76.81666666666666,0.9242785853764375,1.0,1.0,,,,,On Track
1048516,Samra hotel,Netsanet,Unspecified,True,False,0.0,1.7217391304347827,0.0,,,,,,,19.0,24.104347826086958,0.7882395382395382,1.0,1.0,,,,,,,,48.0,75.16666666666666,0.6385809312638582,1.0,1.0,,,,,Watch
1049393,havana,Netsanet,Unspecified,True,False,0.0,1.841304347826087,0.0,,,,,,,10.0,25.77826086956522,0.3879237645471411,1.0,1.0,,,,,,,,40.0,138.96666666666667,0.2878388102662509,0.6666666666666666,1.0,,,,,Critical
1049670,Empire Addis  Hotel,Netsanet,Unspecified,True,False,0.0,1.3043478260869565,0.0,,,,,,,0.0,18.26086956521739,0.0,0.0,,,,,,,,,4.0,63.0,0.06349206349206349,0.6666666666666666,0.5,,,,,Critical
1055871,Natani,Netsanet,Unspecified,True,False,0.0,1.3043478260869565,0.0,,,,,,,15.0,18.26086956521739,0.8214285714285715,1.0,1.0,,,,,,,,29.0,63.0,0.4603174603174603,1.0,1.0,,,,,Watch
1055872,Saphire Addis Hotel,Netsanet,Unspecified,True,True,0.0,1.3043478260869565,0.0,,,0.0,,,,11.0,18.26086956521739,0.6023809523809524,0.0,,0.55,,,,,,,22.0,69.6,0.3160919540229885,0.4,1.0,0.10945273631840796,,,,At Risk
1057632,Hanom Hotel,Netsanet,Unspecified,True,True,0.0,1.3043478260869565,0.0,,,0.0,,,,12.0,18.26086956521739,0.6571428571428571,1.0,1.0,0.6,,,,,,,21.0,63.0,0.3333333333333333,1.0,1.0,0.1044776119402985,,,,At Risk
1065627,Medal Hotel,Netsanet,Unspecified,True,False,0.0,1.3043478260869565,0.0,,,,,,,3.0,18.26086956521739,0.16428571428571428,1.0,1.0,,,,,,,,13.0,63.0,0.20634920634920634,1.0,1.0,,,,,Critical
1066345,Panda Restaurant,Netsanet,Unspecified,True,True,0.0,1.3043478260869565,0.0,,,0.0,,,,6.0,18.26086956521739,0.32857142857142857,1.0,0.5,0.3,,,,,,,17.0,63.0,0.2698412698412698,0.8333333333333334,0.8,0.0845771144278607,,,,Critical
1066889,Diamond Hotel,Netsanet,Unspecified,True,False,0.0,1.3043478260869565,0.0,,,,,,,0.0,18.26086956521739,0.0,1.0,0.5,,,,,,,,5.0,63.0,0.07936507936507936,1.0,0.8,,,,,Critical
1070790,The Bonroyal Hotel,Netsanet,Unspecified,True,False,0.0,1.3043478260869565,0.0,,,,,,,0.0,18.26086956521739,0.0,0.0,,,,,,,,,0.0,63.0,0.0,0.0,,,,,,Critical
1090267,ASB Hotel Properties Plc,Netsanet,Unspecified,True,False,0.0,5.595652173913043,0.0,,,,,,,42.0,78.3391304347826,0.5361305361305362,0.0,,,,,,,,,190.0,310.5666666666666,0.6117849093055706,0.6666666666666666,1.0,,,,,At Risk
1125087,Etiopian Skylight Hotel,Netsanet,Unspecified,True,True,0.0,7.293478260869565,0.0,,,0.0,,,,108.66666666666667,102.10869565217392,1.0642253920942446,1.0,1.0,5.433333333333334,,,,,,,302.6969696969697,292.41666666666663,1.0351563512008084,0.8,1.0,1.5059550731192521,,,,On Track
1126157,Sherar Addis Hotel,Netsanet,Unspecified,True,False,0.0,1.3043478260869565,0.0,,,,,,,3.0,18.26086956521739,0.16428571428571428,1.0,1.0,,,,,,,,12.0,63.0,0.19047619047619047,1.0,1.0,,,,,Critical
1130364,the address bar,Netsanet,Unspecified,True,False,0.0,1.3043478260869565,0.0,,,,,,,5.0,18.26086956521739,0.27380952380952384,1.0,1.0,,,,,,,,13.0,63.0,0.20634920634920634,1.0,0.75,,,,,Critical
1130916,Union by Lucy,Netsanet,Unspecified,True,False,0.0,1.7695652173913046,0.0,0.0,,,,,,31.0,24.773913043478263,1.2513162513162512,0.5,1.0,,,,,,,,51.0,77.0,0.6623376623376623,0.75,0.6666666666666666,,,,,On Track
1202828,Da'amat Hotel,Netsanet,Unspecified,True,False,0.0,1.3043478260869565,0.0,,,,,,,7.0,18.26086956521739,0.38333333333333336,1.0,1.0,,,,,,,,13.0,63.0,0.20634920634920634,1.0,1.0,,,,,Critical
1203098,2000 Habesha Cultural House No2,Netsanet,Unspecified,True,True,0.0,1.3043478260869565,0.0,,,0.0,,,,0.0,18.26086956521739,0.0,1.0,1.0,0.0,,,,,,,22.0,63.0,0.3492063492063492,1.0,1.0,0.10945273631840796,,,,Critical
1211178,Shan Tou Special chinesee,Netsanet,Unspecified,True,False,0.0,1.5543478260869565,0.0,,,,,,,18.0,21.760869565217394,0.827172827172827,1.0,1.0,,,,,,,,48.0,68.75,0.6981818181818182,1.0,1.0,,,,,Watch
1212593,Tanab Hotel,Netsanet,Unspecified,True,True,0.0,3.491304347826087,0.0,,,0.0,,,,10.0,48.87826086956522,0.2045899306173279,0.0,,0.5,,,,,,,40.0,135.48333333333332,0.2952392668224874,0.6666666666666666,1.0,0.19900497512437812,,,,Critical
1214967,Konark Indian Hotel,Netsanet,Unspecified,True,False,0.0,1.3043478260869565,0.0,,,,,,,6.0,18.26086956521739,0.32857142857142857,1.0,0.5,,,,,,,,25.0,63.0,0.3968253968253968,1.0,0.5,,,,,Critical
1225952,Yodat Hotel,Netsanet,Unspecified,True,True,0.0,7.293478260869565,0.0,,,0.0,,,,45.0,102.10869565217392,0.44070683414945705,0.0,,2.25,,,,,,,88.0,427.53333333333336,0.20583190394511147,0.6666666666666666,1.0,0.43781094527363185,,,,Critical
1233300,Red Dragon china restaurant,Netsanet,Unspecified,True,False,0.0,1.5304347826086957,0.0,,,,,,,10.0,21.426086956521743,0.46672077922077915,1.0,1.0,,,,,,,,40.0,35.2,1.1363636363636362,1.3333333333333333,0.75,,,,,Critical
1233331,yjet Kitfo,Netsanet,Unspecified,True,False,0.0,1.3043478260869565,0.0,,,,,,,0.0,18.26086956521739,0.0,0.5,1.0,,,,,,,,4.0,63.0,0.06349206349206349,0.6,0.6666666666666666,,,,,Critical
1234427,DE Lopol  Hotel,Netsanet,Unspecified,True,False,0.0,2.0804347826086955,0.0,,,,,,,16.0,29.126086956521743,0.5493357217495148,0.0,,,,,,,,,77.0,85.43333333333334,0.9012875536480687,0.6666666666666666,1.0,,,,,At Risk
1235789,Bwon korea resturant,Netsanet,Unspecified,True,False,0.0,1.3043478260869565,0.0,,,,,,,0.0,18.26086956521739,0.0,0.0,,,,,,,,,10.0,63.0,0.15873015873015872,0.6666666666666666,1.0,,,,,Critical
1561365,Tamem bar,Netsanet,Unspecified,True,False,0.0,1.3043478260869565,0.0,,,,,,,0.0,18.26086956521739,0.0,0.5,1.0,,,,,,,,4.0,63.0,0.06349206349206349,0.5,1.0,,,,,Critical
1563267,Solo Majet Bar & Restaurant,Netsanet,Unspecified,True,False,0.0,1.3043478260869565,0.0,,,,,,,6.0,18.26086956521739,0.32857142857142857,0.0,,,,,,,,,12.0,63.0,0.19047619047619047,0.75,1.0,,,,,Critical
1564078,Agye bar and Restaurant,Netsanet,Unspecified,True,True,0.0,1.3043478260869565,0.0,0.0,,0.0,,,,17.0,18.26086956521739,0.930952380952381,0.5,1.0,0.85,,,,,,,47.0,63.0,0.746031746031746,0.5,1.0,0.23383084577114427,,,,On Track
1571675,Cassiopia Hotel,Netsanet,Unspecified,True,False,0.0,1.3043478260869565,0.0,,,,,,,6.0,18.26086956521739,0.32857142857142857,0.0,,,,,,,,,12.0,63.0,0.19047619047619047,0.8,0.75,,,,,Critical
1573185,Sowirad hotel,Netsanet,Unspecified,True,False,0.0,1.3043478260869565,0.0,0.0,,,,,,0.0,18.26086956521739,0.0,0.0,,,,,,,,,7.0,63.0,0.1111111111111111,0.5,1.0,,,,,Critical
1591828,lidu hotel,Netsanet,Unspecified,True,True,0.0,2.1043478260869564,0.0,,,0.0,,,,25.0,29.460869565217394,0.8485832349468713,1.0,1.0,1.25,,,,,,,64.0,112.75,0.5676274944567627,1.0,1.0,0.31840796019900497,,,,Watch
1620289,Elmos Hotel,Netsanet,Unspecified,True,False,0.0,1.3043478260869565,0.0,,,,,,,6.0,18.26086956521739,0.32857142857142857,1.0,1.0,,,,,,,,12.0,63.0,0.19047619047619047,1.0,1.0,,,,,Critical
1626495,The Resedence Hotel,Netsanet,Unspecified,True,False,0.0,1.3043478260869565,0.0,,,,,,,5.0,18.26086956521739,0.27380952380952384,0.0,,,,,,,,,11.0,30.0,0.36666666666666664,1.0,0.5,,,,,Critical
1631723,Hotto Restaurant,Netsanet,Unspecified,True,False,0.0,1.3043478260869565,0.0,,,,,,,0.0,18.26086956521739,0.0,0.0,,,,,,,,,6.0,63.0,0.09523809523809523,1.0,0.6666666666666666,,,,,Critical
1710068,Best Western Premier hotel,Netsanet,Unspecified,True,False,0.0,1.3043478260869565,0.0,,,,,,,23.0,18.26086956521739,1.2595238095238095,1.0,1.0,,,,,,,,44.0,79.31666666666666,0.5547383904181551,1.0,1.0,,,,,On Track
1896552,china restsurant,Netsanet,Unspecified,True,False,0.0,1.3043478260869565,0.0,,,,,,,0.0,18.26086956521739,0.0,1.0,1.0,,,,,,,,2.0,63.0,0.031746031746031744,0.75,1.0,,,,,Critical
1919290,Entoto Restaurant,Netsanet,Unspecified,True,False,0.0,3.774703557312253,0.0,,,,,,,8.0,52.84584980237154,0.15138369483919223,0.0,,,,,,,,,24.0,119.81818181818181,0.20030349013657056,0.0,,,,,,Critical
2075346,Corner hotel,Netsanet,Unspecified,True,True,0.0,1.3043478260869565,0.0,0.0,,0.0,,,,10.0,18.26086956521739,0.5476190476190477,0.5,1.0,0.5,,,,,,,19.0,63.0,0.30158730158730157,0.8333333333333334,0.6,0.0945273631840796,,,,At Risk
2174101,Gangam korea restaurant,Netsanet,Unspecified,True,False,0.0,1.3043478260869565,0.0,,,,,,,0.0,18.26086956521739,0.0,1.0,1.0,,,,,,,,14.0,63.0,0.2222222222222222,1.0,0.75,,,,,Critical
2180386,Vrajn hotel,Netsanet,Unspecified,True,False,0.0,1.3043478260869565,0.0,0.0,,,,,,4.0,18.26086956521739,0.21904761904761905,0.5,1.0,,,,,,,,13.0,63.0,0.20634920634920634,0.75,0.6666666666666666,,,,,Critical
2350521,TAO hotal,Netsanet,Unspecified,True,True,0.0,14.228260869565217,0.0,,,0.0,,,,200.0,199.19565217391306,1.0040379788278948,1.0,1.0,10.0,,,,,,,535.0,596.5666666666666,0.8967983460915238,1.0,1.0,2.6616915422885574,,,,On Track
2400336,Evana Hotel,Netsanet,Unspecified,True,True,0.0,6.504347826086956,0.0,,,0.0,,,,77.0,91.06086956521739,0.8455882352941176,0.0,,3.85,,,,,,,167.0,390.6833333333334,0.42745616654579577,0.6666666666666666,1.0,0.8308457711442786,,,,Watch
2614279,Zemena kitifo,Netsanet,Unspecified,True,False,0.0,1.3043478260869565,0.0,,,,,,,9.0,18.26086956521739,0.4928571428571429,0.0,,,,,,,,,21.0,63.0,0.3333333333333333,1.0,0.6666666666666666,,,,,Critical
2766615,Fantu supermarket,Netsanet,Unspecified,True,False,0.0,1.3043478260869565,0.0,,,,,,,8.0,18.26086956521739,0.4380952380952381,1.0,0.5,,,,,,,,23.0,30.0,0.7666666666666667,1.6666666666666667,0.4,,,,,Critical
2810710,Kerab Abziyo,Netsanet,Unspecified,True,False,0.0,1.9847826086956522,0.0,,,,,,,13.0,27.786956521739132,0.4678454076044437,0.0,,,,,,,,,29.0,81.94999999999999,0.3538743136058573,0.6666666666666666,1.0,,,,,Critical
2849803,Shetaye Suit Hotel,Netsanet,Unspecified,True,False,0.0,1.3043478260869565,0.0,,,,,,,0.0,18.26086956521739,0.0,1.0,1.0,,,,,,,,0.0,63.0,0.0,1.0,1.0,,,,,Critical
2930700,Radha`s indian Restaurant,Netsanet,Unspecified,True,False,0.0,1.3043478260869565,0.0,,,,,,,5.0,18.26086956521739,0.27380952380952384,1.0,1.0,,,,,,,,16.0,63.0,0.25396825396825395,1.0,0.75,,,,,Critical
2934522,Megenagna Fiyel Bete,Netsanet,Unspecified,True,False,0.0,1.3043478260869565,0.0,,,,,,,8.0,18.26086956521739,0.4380952380952381,1.0,1.0,,,,,,,,15.0,63.0,0.23809523809523808,0.75,1.0,,,,,Critical
2934800,Kuriftu Resort,Netsanet,Unspecified,True,False,0.0,1.3043478260869565,0.0,,,,,,,50.0,18.26086956521739,2.738095238095238,0.0,,,,,,,,,65.0,63.0,1.0317460317460319,0.3333333333333333,1.0,,,,,On Track
2939138,Tarik butchery,Netsanet,Unspecified,True,True,0.0,1.3043478260869565,0.0,,,0.0,,,,19.0,18.26086956521739,1.0404761904761906,1.0,0.0,0.95,,,,,,,39.0,63.0,0.6190476190476191,1.0,0.75,0.19402985074626866,,,,On Track
2942456,Yosra Lounge,Netsanet,Unspecified,True,False,0.0,3.2282608695652173,0.0,,,,,,,33.0,45.19565217391305,0.7301587301587301,0.0,,,,,,,,,121.0,107.25,1.1282051282051282,0.6666666666666666,1.0,,,,,At Risk
2948479,befeker leyu kurt,Netsanet,Unspecified,True,False,0.0,1.3043478260869565,0.0,0.0,,,,,,6.0,18.26086956521739,0.32857142857142857,0.5,1.0,,,,,,,,12.0,63.0,0.19047619047619047,1.0,0.6,,,,,Critical
2956112,china restsurant,Netsanet,Unspecified,True,False,0.0,1.3043478260869565,0.0,0.0,,,,,,31.0,18.26086956521739,1.6976190476190476,0.5,1.0,,,,,,,,96.0,30.0,3.2,0.6666666666666666,1.0,,,,,On Track
2956291,Tang da hotel,Netsanet,Unspecified,True,False,0.0,1.3043478260869565,0.0,,,,,,,35.0,18.26086956521739,1.9166666666666667,1.0,1.0,,,,,,,,80.0,63.0,1.2698412698412698,1.0,0.8,,,,,On Track
2957288,Cheru Medanialem,Netsanet,Unspecified,True,True,0.0,1.3043478260869565,0.0,,,0.0,,,,44.0,18.26086956521739,2.4095238095238094,0.5,1.0,2.2,,,,,,,70.0,30.0,2.3333333333333335,1.6666666666666667,0.4,0.3482587064676617,,,,On Track
2958391,kebeki bar and resturant,Netsanet,Unspecified,True,False,0.0,1.3043478260869565,0.0,,,,,,,14.0,18.26086956521739,0.7666666666666667,0.0,,,,,,,,,31.0,30.0,1.0333333333333334,0.5,1.0,,,,,Watch
2958749,crescnt hotel,Netsanet,Unspecified,True,False,0.0,1.3043478260869565,0.0,,,,,,,19.0,18.26086956521739,1.0404761904761906,0.0,,,,,,,,,25.0,30.0,0.8333333333333334,1.0,0.0,,,,,On Track
11304338,ZigZag Hotel and spa,Netsanet,Unspecified,True,False,0.0,1.3043478260869565,0.0,0.0,,,,,,0.0,18.26086956521739,0.0,0.0,,,,,,,,,0.0,63.0,0.0,0.0,,,,,,Critical
2948842,Corner  Lounge,Netsanet,Unspecified,True,True,0.0,8.369565217391305,0.0,,,0.0,,,,66.66666666666667,117.17391304347827,0.5689548546691404,1.5,0.6666666666666666,3.3333333333333335,,,,,,,151.06060606060606,225.5,0.669891822885171,1.25,0.6,0.7515453037841098,,,,At Risk
2868756,Juventus club,Netsanet,Unspecified,True,False,0.0,7.3978919631093545,0.0,0.0,,,,,,47.87878787878788,103.57048748353097,0.46228215239791376,0.5,1.0,,,,,,,,131.06060606060606,203.15151515151516,0.6451372315035799,0.8,0.75,,,,,Critical
2841712,Yonase chercher,Netsanet,Unspecified,True,True,0.0,13.134782608695653,0.0,,,0.0,,,,155.36363636363637,183.88695652173917,0.8448866591865598,1.0,1.0,7.7681818181818185,,,,,,,369.6060606060606,341.51666666666665,1.0822489696141544,1.0,0.75,1.8388361224182121,,,,Watch
2785966,zegeye butchery,Netsanet,Unspecified,True,False,0.0,7.3978919631093545,0.0,,,,,,,43.87878787878788,103.57048748353097,0.4236611118178349,1.0,1.0,,,,,,,,124.48484848484848,203.15151515151516,0.6127684964200477,1.0,0.75,,,,,Critical
2729788,Romanat hotel,Netsanet,Unspecified,True,False,0.0,8.097826086956522,0.0,,,,,,,2.0,113.36956521739131,0.017641418983700863,1.0,1.0,,,,,,,,64.60606060606061,186.25,0.346878177750661,1.3333333333333333,0.5,,,,,Critical
2180441,Atmosphere lounge,Netsanet,Unspecified,True,True,0.0,48.84927536231884,0.0,,,0.0,,,,637.4242424242425,683.8898550724638,0.9320568768441552,1.0,1.0,31.871212121212125,,,,,,,1946.2424242424242,1392.3,1.3978613978613978,1.0,1.0,9.682798130559325,,,,On Track
1863003,Belema Risort,Netsanet,Unspecified,True,False,0.0,7.671805006587616,0.0,,,,,,,58.303030303030305,107.40527009222663,0.5428321185074693,0.0,,,,,,,,,102.03030303030303,209.45151515151517,0.4871308902038513,0.25,1.0,,,,,At Risk
1651657,Oda Bar and Res,Netsanet,Unspecified,True,True,0.0,27.15072463768116,0.0,,,0.0,,,,366.27272727272725,380.1101449275363,0.9635962948122656,0.0,,18.313636363636363,,,,,,,877.3636363636364,791.4833333333333,1.108505510366994,0.3333333333333333,1.0,4.364993215739484,,,,On Track
1233883,Kiya Hotel and Resort,Netsanet,Unspecified,True,True,0.0,13.660144927536232,0.0,,,0.0,,,,189.54545454545456,191.24202898550726,0.991128652791164,0.0,,9.477272727272728,,,,,,,414.72727272727275,440.68333333333334,0.9411004259913152,0.3333333333333333,1.0,2.0633197648123023,,,,On Track
1231004,Mesifn Kurt And Tej Butchery,Netsanet,Unspecified,True,True,0.0,4.9275362318840585,0.0,,,0.0,,,,12.0,68.98550724637683,0.17394957983193274,0.0,,0.6,,,,,,,17.0,146.33333333333334,0.11617312072892938,0.75,1.0,0.0845771144278607,,,,Critical
1204750,Tiru Kitfo Bet,Netsanet,Unspecified,True,True,0.0,4.9275362318840585,0.0,,,0.0,,,,4.0,68.98550724637683,0.05798319327731091,1.0,1.0,0.2,,,,,,,18.0,146.33333333333334,0.12300683371298404,1.0,0.75,0.08955223880597014,,,,Critical
1133405,Sawi,Netsanet,Unspecified,True,True,0.0,6.803623188405798,0.0,,,0.0,,,,34.0,95.25072463768117,0.35695266497268835,0.0,,1.7,,,,,,,54.0,290.1333333333333,0.18612132352941177,0.6666666666666666,1.0,0.26865671641791045,,,,Critical
1131231,Double Black Bar and Restaurant no2,Netsanet,Unspecified,True,False,0.0,4.9275362318840585,0.0,,,,,,,7.0,68.98550724637683,0.10147058823529409,1.0,1.0,,,,,,,,16.0,146.33333333333334,0.1093394077448747,1.0,1.0,,,,,Critical
1127272,Adinew Bar and Res,Netsanet,Unspecified,True,True,0.0,7.401449275362319,0.0,,,0.0,,,,52.0,103.62028985507249,0.5018322190830512,0.0,,2.6,,,,,,,151.0,221.01666666666668,0.6832063946911997,0.3333333333333333,1.0,0.7512437810945274,,,,At Risk
1057503,Best Western Plus Addis Ababa Hotel,Netsanet,Unspecified,True,True,0.0,14.471014492753625,0.0,,,0.0,,,,105.87878787878788,202.59420289855075,0.5226150914683713,1.0,1.0,5.293939393939394,,,,,,,328.57575757575756,489.2166666666667,0.6716364751318589,1.0,0.8333333333333334,1.6347052615709332,,,,At Risk
1024855,Habesha butchery,Netsanet,Unspecified,True,True,0.0,8.18840579710145,0.0,,,0.0,,,,31.515151515151516,114.6376811594203,0.27491092977818643,0.0,,1.5757575757575757,,,,,,,103.12121212121212,221.33333333333334,0.4659090909090909,0.0,,0.5130408563244384,,,,Critical
1024486,Kebe Butchery (bole),Netsanet,Unspecified,True,True,0.0,7.826086956521739,0.0,,,0.0,,,,66.81818181818181,109.56521739130436,0.6098484848484848,0.0,,3.340909090909091,,,,,,,133.42424242424244,213.0,0.6264048940105279,0.75,1.0,0.663802201115634,,,,At Risk
1023776,Sami wendmamach,Netsanet,Unspecified,True,True,0.0,16.431159420289852,0.0,,,0.0,,,,217.12121212121212,230.03623188405797,0.9438565844299031,1.0,1.0,10.856060606060606,,,,,,,554.3030303030304,410.91666666666663,1.348942681735219,1.0,1.0,2.757726518920549,,,,On Track
1009510,Mera ado hotel,Netsanet,Unspecified,True,True,0.0,7.592753623188406,0.0,,,0.0,,,,45.151515151515156,106.29855072463768,0.42476134287548684,0.0,,2.257575757575758,,,,,,,90.30303030303031,174.63333333333333,0.5171007652397231,2.0,0.0,0.44926880747776277,,,,Critical
1009339,Markon Hotel,Netsanet,Unspecified,True,False,0.0,8.86745718050066,0.0,,,,,,,40.93939393939394,124.14440052700924,0.3297723760846309,0.0,,,,,,,,,91.24242424242425,269.0348484848485,0.33914723224996196,0.6666666666666666,1.0,,,,,Critical
1008961,Golden Tulip Hotel,Netsanet,Unspecified,True,False,0.0,4.9623188405797105,0.0,,,,,,,5.0,69.47246376811594,0.07197096128170895,0.0,,,,,,,,,26.0,160.33333333333334,0.16216216216216214,0.6,1.0,,,,,Critical
1003509,Hiber Ethiopia Cultural House,Netsanet,Unspecified,True,False,0.0,9.184782608695652,0.0,,,,,,,70.39393939393939,128.58695652173913,0.5474423012884552,1.0,1.0,,,,,,,,149.0,244.25,0.6100307062436029,1.0,0.75,,,,,At Risk
1000358,Harmony Hotel,Netsanet,Unspecified,True,True,0.0,7.934848484848485,0.0,,,0.0,,,,84.3939393939394,111.0878787878788,0.7597043018085601,1.0,1.0,4.219696969696971,,,,,,,144.4848484848485,249.7848484848485,0.5784372004998241,1.0,0.8333333333333334,0.7188300919644204,,,,Watch
1001420,Shewa Hotel,Chandra,Unspecified,True,True,0.0,1.3043478260869565,0.0,,,0.0,,,,0.0,18.26086956521739,0.0,0.0,,0.0,,,,,,,7.0,98.93333333333334,0.07075471698113207,0.0,,0.03482587064676617,,,,Critical
1001901,St.Gorge House,Chandra,Unspecified,True,True,0.0,2.3434782608695652,0.0,,,0.0,,,,34.0,32.80869565217392,1.0363106281473626,0.0,,1.7,,,,,,,81.0,103.76666666666665,0.7805974943784132,0.0,,0.40298507462686567,,,,On Track
1002364,Mamush Kunspagna,Chandra,Unspecified,True,True,0.0,1.5543478260869565,0.0,,,0.0,,,,21.0,21.760869565217394,0.9650349650349649,,,1.05,,,,,,,65.0,68.75,0.9454545454545454,,,0.32338308457711445,,,,On Track
1002658,Yilma Hotel,Chandra,Unspecified,True,True,0.0,2.510869565217391,0.0,,,0.0,,,,40.0,35.152173913043484,1.1379097093382806,0.4,0.5,2.0,,,,,,,92.0,140.98333333333332,0.6525594041848919,0.4,0.5,0.4577114427860697,,,,On Track
1002659,Tedila Hotel,Chandra,Unspecified,True,True,0.0,8.847826086956522,0.0,,,0.0,,,,80.0,123.86956521739131,0.6458406458406458,0.3333333333333333,0.0,4.0,,,,,,,190.0,203.5,0.9336609336609336,1.0,0.0,0.945273631840796,,,,At Risk
1002664,Jambo Bar and Restaurant,Chandra,Unspecified,True,True,0.0,3.610869565217391,0.0,,,0.0,,,,44.0,50.55217391304348,0.8703878902554398,0.3333333333333333,0.0,2.2,,,,,,,126.0,83.05,1.5171583383503915,0.6666666666666666,0.0,0.6268656716417911,,,,Watch
1002678,Abyssinya Hotel,Chandra,Unspecified,True,True,0.0,3.2282608695652173,0.0,,,0.0,,,,45.0,45.19565217391305,0.9956709956709956,0.3333333333333333,0.0,2.25,,,,,,,107.0,74.25,1.4410774410774412,0.6666666666666666,0.0,0.5323383084577115,,,,On Track
1002694,Sami Café and Restaurant,Chandra,Unspecified,True,False,0.0,1.3043478260869565,0.0,,,,,,,0.0,18.26086956521739,0.0,0.5,1.0,,,,,,,,4.0,63.0,0.06349206349206349,0.2857142857142857,1.0,,,,,Critical
1002704,Tarik Buchery,Chandra,Unspecified,True,True,0.0,1.5543478260869565,0.0,,,0.0,,,,20.0,21.760869565217394,0.9190809190809189,0.0,,1.0,,,,,,,65.0,68.75,0.9454545454545454,0.5,0.0,0.32338308457711445,,,,On Track
1002706,Wegagen Hotel,Chandra,Unspecified,True,True,0.0,4.232608695652174,0.0,,,0.0,,,,81.0,59.256521739130434,1.3669381465991635,0.0,,4.05,,,,,,,183.0,306.16666666666663,0.5977136635819271,0.0,,0.9104477611940298,,,,On Track
1002749,Arefayni House,Chandra,Unspecified,True,True,0.0,1.9369565217391302,0.0,,,0.0,,,,41.0,27.117391304347827,1.5119448452781785,0.4,0.5,2.05,,,,,,,74.0,84.51666666666665,0.875566949319661,0.4,0.5,0.3681592039800995,,,,On Track
1002844,National Hotel,Chandra,Unspecified,True,True,0.0,4.591304347826087,0.0,,,0.0,,,,53.0,64.27826086956522,0.8245400432900433,0.0,,2.65,,,,,,,151.0,242.54999999999998,0.6225520511234798,0.0,,0.7512437810945274,,,,Watch
1002879,Roma Bar,Chandra,Unspecified,True,True,0.0,2.0565217391304347,0.0,,,0.0,,,,10.0,28.791304347826088,0.347327091513138,0.0,,0.5,,,,,,,59.0,92.76666666666665,0.63600431189364,0.0,,0.2935323383084577,,,,Critical
1002955,KG Corner Bar and Restaurant,Chandra,Unspecified,True,False,0.0,1.3043478260869565,0.0,,,,,,,18.0,18.26086956521739,0.9857142857142858,0.0,,,,,,,,,48.0,63.0,0.7619047619047619,0.0,,,,,,On Track
1003042,Alex Butchery,Chandra,Unspecified,True,True,0.0,2.2717391304347827,0.0,,,0.0,,,,15.0,31.804347826086957,0.47163362952836635,,,0.75,,,,,,,65.0,85.25,0.7624633431085044,,,0.32338308457711445,,,,Critical
1003431,Benazo Lounge,Chandra,Unspecified,True,True,0.0,2.032608695652174,0.0,0.0,,0.0,,,,15.0,28.456521739130437,0.5271199388846447,0.3333333333333333,1.0,0.75,,,,,,,48.0,109.26666666666667,0.43929225137278827,0.14285714285714285,1.0,0.23880597014925373,,,,At Risk
1003432,Zemen Lounge,Chandra,Unspecified,True,True,0.0,4.328260869565217,0.0,0.0,,0.0,,,,37.0,60.595652173913045,0.6106048647485112,0.3333333333333333,1.0,1.85,,,,,,,102.0,193.41666666666669,0.5273588970271434,0.14285714285714285,1.0,0.5074626865671642,,,,At Risk
1003549,Addis Ababa Golf club,Chandra,Unspecified,True,True,0.0,1.7456521739130435,0.0,,,0.0,,,,18.0,24.43913043478261,0.7365237502223804,,0.0,0.9,,,,,,,54.0,73.15,0.7382091592617908,0.4,0.5,0.26865671641791045,,,,At Risk
1005021,Eagel,Chandra,Unspecified,True,True,0.0,4.423913043478261,0.0,,,0.0,,,,43.0,61.934782608695656,0.6942786942786943,,,2.15,,,,,,,127.0,233.38333333333333,0.5441691066200101,,,0.6318407960199005,,,,At Risk
1005213,Sunshine Bar and Restaurant,Chandra,Unspecified,True,True,0.0,1.3043478260869565,0.0,,,0.0,,,,15.0,18.26086956521739,0.8214285714285715,0.0,,0.75,,,,,,,43.0,30.0,1.4333333333333333,0.0,,0.21393034825870647,,,,Watch
1006601,Edeget Hotel,Chandra,Unspecified,True,True,0.0,3.276086956521739,0.0,,,0.0,,,,19.78787878787879,45.86521739130435,0.431435408210458,,,0.9893939393939395,,,,,,,59.78787878787879,220.1833333333333,0.27153680472884173,,,0.2974521332730288,,,,Critical
1006646,Adea Hotel,Chandra,Unspecified,True,True,0.0,2.773913043478261,0.0,,,0.0,,,,37.0,38.834782608695654,0.9527541424093148,,,1.85,,,,,,,112.0,141.89999999999998,0.7892882311486964,,,0.5572139303482587,,,,On Track
1009775,Di Na Poli Hotel,Chandra,Unspecified,True,False,0.0,1.3043478260869565,0.0,,,,,,,20.0,18.26086956521739,1.0952380952380953,,,,,,,,,,66.0,63.0,1.0476190476190477,,,,,,,On Track
1009964,Liya Hotel,Chandra,Unspecified,True,True,0.0,1.3043478260869565,0.0,,,0.0,,,,10.0,18.26086956521739,0.5476190476190477,,,0.5,,,,,,,27.0,63.0,0.42857142857142855,,,0.13432835820895522,,,,At Risk
1011506,Mena Hotel,Chandra,Unspecified,True,True,0.0,1.3043478260869565,0.0,,,0.0,,,,0.0,18.26086956521739,0.0,0.0,,0.0,,,,,,,0.0,63.0,0.0,0.0,,0.0,,,,Critical
1012278,Kings Hotel,Chandra,Unspecified,True,True,0.0,1.3043478260869565,0.0,,,0.0,,,,11.0,18.26086956521739,0.6023809523809524,0.16666666666666666,1.0,0.55,,,,,,,37.0,63.0,0.5873015873015873,0.13333333333333333,1.0,0.18407960199004975,,,,At Risk
1013644,tirar international hotel,Chandra,Unspecified,True,True,0.0,1.3043478260869565,0.0,,,0.0,,,,22.0,18.26086956521739,1.2047619047619047,,,1.1,,,,,,,35.0,63.0,0.5555555555555556,,,0.17412935323383086,,,,On Track
1015308,Fantu Supermarket,Chandra,Unspecified,True,True,0.0,1.3043478260869565,0.0,,,0.0,,,,0.0,18.26086956521739,0.0,,,0.0,,,,,,,4.0,63.0,0.06349206349206349,,,0.01990049751243781,,,,Critical
1015747,Gefersa Recrational Center,Chandra,Unspecified,True,True,0.0,1.3043478260869565,0.0,,,0.0,,,,0.0,18.26086956521739,0.0,,,0.0,,,,,,,0.0,63.0,0.0,,,0.0,,,,Critical
1016658,Yod Abyssina cultural,Chandra,Unspecified,True,False,0.0,1.3043478260869565,0.0,,,,,,,0.0,18.26086956521739,0.0,,,,,,,,,,0.0,30.0,0.0,,,,,,,Critical
1016668,Lafto Mall Restaurant,Chandra,Unspecified,True,True,0.0,1.3043478260869565,0.0,,,0.0,,,,10.0,18.26086956521739,0.5476190476190477,0.5,1.0,0.5,,,,,,,37.0,63.0,0.5873015873015873,0.42857142857142855,1.0,0.18407960199004975,,,,At Risk
1016732,Blue Nest Hotel,Chandra,Unspecified,True,True,0.0,1.3043478260869565,0.0,,,0.0,,,,12.0,18.26086956521739,0.6571428571428571,,,0.6,,,,,,,33.0,63.0,0.5238095238095238,,,0.16417910447761194,,,,At Risk
1017208,Nathional thaiter,Chandra,Unspecified,True,True,0.0,1.3043478260869565,0.0,,,0.0,,,,5.0,18.26086956521739,0.27380952380952384,0.3333333333333333,1.0,0.25,,,,,,,24.0,63.0,0.38095238095238093,0.2857142857142857,1.0,0.11940298507462686,,,,Critical
1017707,Mekonenoch recreational center,Chandra,Unspecified,True,True,0.0,1.3043478260869565,0.0,,,0.0,,,,10.0,18.26086956521739,0.5476190476190477,0.3333333333333333,1.0,0.5,,,,,,,44.0,63.0,0.6984126984126984,0.14285714285714285,1.0,0.21890547263681592,,,,At Risk
1017885,Sarim Hotel,Chandra,Unspecified,True,False,0.0,1.3043478260869565,0.0,,,,,,,13.0,18.26086956521739,0.7119047619047619,0.3333333333333333,1.0,,,,,,,,20.0,63.0,0.31746031746031744,0.2857142857142857,1.0,,,,,At Risk
1018356,Churchill Hotel,Chandra,Unspecified,True,False,0.0,1.3043478260869565,0.0,,,,,,,0.0,18.26086956521739,0.0,,,,,,,,,,10.0,30.0,0.3333333333333333,,,,,,,Critical
1018357,Eliana Hotel,Chandra,Unspecified,True,True,0.0,1.3043478260869565,0.0,,,0.0,,,,15.0,18.26086956521739,0.8214285714285715,0.0,,0.75,,,,,,,21.0,63.0,0.3333333333333333,0.2,1.0,0.1044776119402985,,,,Watch
1019994,Odoni Hotel,Chandra,Unspecified,True,True,0.0,1.4108695652173915,0.0,,,0.0,,,,15.0,19.75217391304348,0.7594100814439796,,,0.75,,,,,,,54.0,65.45,0.8250572956455309,,,0.26865671641791045,,,,Watch
1021812,Mejelakesya Serawit Kibeb,Chandra,Unspecified,True,False,0.0,1.3043478260869565,0.0,,,,,,,0.0,18.26086956521739,0.0,,,,,,,,,,19.0,63.0,0.30158730158730157,,0.0,,,,,Critical
1023651,Grand Paradise Bar and Restaurant,Chandra,Unspecified,True,True,0.0,1.3043478260869565,0.0,,,0.0,,,,3.0,18.26086956521739,0.16428571428571428,,,0.15,,,,,,,9.0,63.0,0.14285714285714285,,,0.04477611940298507,,,,Critical
1023652,Vital Hotel,Chandra,Unspecified,True,True,0.0,1.3043478260869565,0.0,,,0.0,,,,5.0,18.26086956521739,0.27380952380952384,,,0.25,,,,,,,24.0,63.0,0.38095238095238093,,,0.11940298507462686,,,,Critical
1024221,Ghion Hotel,Chandra,Unspecified,True,True,0.0,2.367391304347826,0.0,,,0.0,,,,55.0,33.14347826086957,1.659451659451659,0.0,,2.75,,,,,,,74.0,87.45,0.8461978273299028,0.0,,0.3681592039800995,,,,On Track
1024290,Ethiopia Hotel,Chandra,Unspecified,True,True,0.0,1.3043478260869565,0.0,,,0.0,,,,20.0,18.26086956521739,1.0952380952380953,0.3333333333333333,1.0,1.0,,,,,,,27.0,63.0,0.42857142857142855,0.2857142857142857,1.0,0.13432835820895522,,,,On Track
1024439,Ras Hotel,Chandra,Unspecified,True,True,0.0,1.6978260869565216,0.0,,,0.0,,,,30.0,23.769565217391303,1.2621181635266143,0.3333333333333333,1.0,1.5,,,,,,,61.0,39.05,1.562099871959027,0.6666666666666666,0.5,0.3034825870646766,,,,On Track
1024449,East African Hotel,Chandra,Unspecified,True,True,0.0,1.3043478260869565,0.0,,,0.0,,,,0.0,18.26086956521739,0.0,,,0.0,,,,,,,5.0,63.0,0.07936507936507936,,,0.024875621890547265,,,,Critical
1024557,Canvas Lounge,Chandra,Unspecified,True,True,0.0,4.376086956521739,0.0,,,0.0,,,,12.0,61.265217391304354,0.19586970406642537,0.3333333333333333,1.0,0.6,,,,,,,92.0,172.7,0.5327156919513608,0.2857142857142857,1.0,0.4577114427860697,,,,Critical
1025308,Aphridite International Hotel,Chandra,Unspecified,True,True,0.0,1.3043478260869565,0.0,,,0.0,,,,0.0,18.26086956521739,0.0,,0.0,0.0,,,,,,,0.0,63.0,0.0,,0.0,0.0,,,,Critical
1026662,Filwuha Hotel,Chandra,Unspecified,True,True,0.0,1.3043478260869565,0.0,,,0.0,,,,0.0,18.26086956521739,0.0,0.0,,0.0,,,,,,,0.0,63.0,0.0,0.0,,0.0,,,,Critical
1026941,D afric Hotel,Chandra,Unspecified,True,True,0.0,1.3043478260869565,0.0,,,0.0,,,,3.0,18.26086956521739,0.16428571428571428,,,0.15,,,,,,,58.0,63.0,0.9206349206349206,,,0.2885572139303483,,,,Critical
1027080,Zebasil Lounge,Chandra,Unspecified,True,True,0.0,2.0804347826086955,0.0,,,0.0,,,,34.0,29.126086956521743,1.167338408717719,,,1.7,,,,,,,50.0,117.69999999999999,0.4248088360237893,,,0.24875621890547264,,,,On Track
1027106,Ashu Butchery,Chandra,Unspecified,True,True,0.0,1.3043478260869565,0.0,0.0,,0.0,,,,15.0,18.26086956521739,0.8214285714285715,0.3333333333333333,1.0,0.75,,,,,,,41.0,63.0,0.6507936507936508,0.14285714285714285,1.0,0.20398009950248755,,,,Watch
1047705,Extream Hotel,Chandra,Unspecified,True,True,0.0,1.3043478260869565,0.0,,,0.0,,,,8.0,18.26086956521739,0.4380952380952381,,,0.4,,,,,,,29.0,63.0,0.4603174603174603,,,0.14427860696517414,,,,Critical
1065651,Yode Bar and Restaurant,Chandra,Unspecified,True,True,0.0,7.67608695652174,0.0,,,0.0,,,,66.0,107.46521739130436,0.6141522029372496,,,3.3,,,,,,,207.0,367.2166666666667,0.5636999046884219,,,1.0298507462686568,,,,At Risk
1067597,Mira Feyel kurt,Chandra,Unspecified,True,True,0.0,2.223913043478261,0.0,0.0,,0.0,,,,27.0,31.13478260869565,0.8671973188102221,0.3333333333333333,1.0,1.35,,,,,,,69.0,105.41666666666666,0.6545454545454547,0.14285714285714285,1.0,0.34328358208955223,,,,Watch
1118070,Bridge lounge,Chandra,Unspecified,True,True,0.0,6.1695652173913045,0.0,0.0,,0.0,,,,47.0,86.37391304347827,0.5441457767039162,0.3333333333333333,1.0,2.35,,,,,,,155.0,271.15,0.5716393140328232,0.14285714285714285,1.0,0.7711442786069652,,,,At Risk
1123630,Methara Night Club,Chandra,Unspecified,True,True,0.0,2.534782608695652,0.0,,,0.0,,,,23.0,35.48695652173913,0.6481254594462141,,,1.15,,,,,,,87.0,119.9,0.725604670558799,,,0.43283582089552236,,,,At Risk
1202045,Haykoch Lounge,Chandra,Unspecified,True,True,0.0,6.743478260869565,0.0,0.0,,0.0,,,,32.0,94.40869565217392,0.33895182831353043,0.3333333333333333,1.0,1.6,,,,,,,169.0,313.1333333333333,0.5397061954439004,0.14285714285714285,1.0,0.8407960199004975,,,,Critical
1216864,Lamirot Bar and Restaurant,Chandra,Unspecified,True,False,0.0,4.6869565217391305,0.0,,,,,,,78.0,65.61739130434783,1.1887092499337395,,,,,,,,,,167.0,107.8,1.549165120593692,,,,,,,On Track
1226132,Fikre Kunsepagna Sar bet,Chandra,Unspecified,True,False,0.0,3.610869565217391,0.0,,,,,,,32.0,50.55217391304348,0.633009374731229,0.0,,,,,,,,,134.0,159.86666666666667,0.8381984987489575,1.0,0.0,,,,,At Risk
1231987,Amerega buchery,Chandra,Unspecified,True,True,0.0,1.841304347826087,0.0,,,0.0,,,,0.0,25.77826086956522,0.0,0.5,1.0,0.0,,,,,,,48.0,75.35,0.6370272063702721,0.42857142857142855,1.0,0.23880597014925373,,,,Critical
1235717,Monarch Hotel,Chandra,Unspecified,True,False,0.0,1.3043478260869565,0.0,,,,,,,30.0,18.26086956521739,1.642857142857143,0.3333333333333333,0.0,,,,,,,,40.0,63.0,0.6349206349206349,0.3,0.6666666666666666,,,,,On Track
1238023,Mechu Corner,Chandra,Unspecified,True,False,0.0,1.3043478260869565,0.0,,,,,,,0.0,18.26086956521739,0.0,,,,,,,,,,0.0,30.0,0.0,,,,,,,Critical
1238025,Alekeb Hotel,Chandra,Unspecified,True,False,0.0,1.3043478260869565,0.0,,,,,,,0.0,18.26086956521739,0.0,,,,,,,,,,0.0,30.0,0.0,,,,,,,Critical
1238034,Yod Abiysinia cultural,Chandra,Unspecified,True,True,0.0,1.3043478260869565,0.0,,,0.0,,,,0.0,18.26086956521739,0.0,,,0.0,,,,,,,0.0,30.0,0.0,,,0.0,,,,Critical
1238038,Grand Restaurant,Chandra,Unspecified,True,False,0.0,1.3043478260869565,0.0,,,,,,,0.0,18.26086956521739,0.0,,,,,,,,,,19.0,63.0,0.30158730158730157,,,,,,,Critical
1566608,Daron Hotel,Chandra,Unspecified,True,False,0.0,9.476811594202898,0.0,,,,,,,96.66666666666667,132.6753623188406,0.7285954602057981,,,,,,,,,,330.27272727272725,298.26666666666665,1.1073068639005161,,,,,,,At Risk
1567318,Hakim Bar and Restaurant,Chandra,Unspecified,True,False,0.0,1.3043478260869565,0.0,,,,,,,11.0,18.26086956521739,0.6023809523809524,0.0,,,,,,,,,25.0,63.0,0.3968253968253968,0.0,,,,,,At Risk
1756846,Be enat elfgne Bucthery,Chandra,Unspecified,True,False,0.0,1.3043478260869565,0.0,0.0,,,,,,0.0,18.26086956521739,0.0,0.3333333333333333,1.0,,,,,,,,22.0,63.0,0.3492063492063492,0.14285714285714285,1.0,,,,,Critical
2048809,abem Hotel,Chandra,Unspecified,True,True,0.0,5.069565217391304,0.0,,,0.0,,,,28.0,70.97391304347826,0.39451114922813035,0.3333333333333333,1.0,1.4,,,,,,,128.0,246.58333333333331,0.5190942886110173,0.3,1.0,0.6368159203980099,,,,Critical
2050439,Sodere Resort Hotel,Chandra,Unspecified,True,True,0.0,1.3043478260869565,0.0,,,0.0,,,,2.0,18.26086956521739,0.10952380952380952,,,0.1,,,,,,,4.0,63.0,0.06349206349206349,,,0.01990049751243781,,,,Critical
2058545,Zemar kurtena Ketfo,Chandra,Unspecified,True,True,0.0,1.3043478260869565,0.0,0.0,,0.0,,,,12.0,18.26086956521739,0.6571428571428571,0.3333333333333333,1.0,0.6,,,,,,,21.0,63.0,0.3333333333333333,0.14285714285714285,1.0,0.1044776119402985,,,,At Risk
2253691,Kebede G/Wolde,Chandra,Unspecified,True,False,0.0,1.3043478260869565,0.0,,,,,,,0.0,18.26086956521739,0.0,,,,,,,,,,2.0,63.0,0.031746031746031744,,,,,,,Critical
2756774,Desalegn Butchery,Chandra,Unspecified,True,False,0.0,1.7695652173913046,0.0,,,,,,,14.0,24.773913043478263,0.565110565110565,0.5,1.0,,,,,,,,56.0,73.7,0.7598371777476255,1.5,0.3333333333333333,,,,,At Risk
2756794,Aresema Butchery,Chandra,Unspecified,True,True,0.0,1.3043478260869565,0.0,,,0.0,,,,7.0,18.26086956521739,0.38333333333333336,,,0.35,,,,,,,21.0,63.0,0.3333333333333333,,0.0,0.1044776119402985,,,,Critical
2784511,Zito Lounge,Chandra,Unspecified,True,True,0.0,2.534782608695652,0.0,,,0.0,,,,26.0,35.48695652173913,0.7326635628522421,,,1.3,,,,,,,82.0,109.81666666666666,0.7466990438609804,,,0.4079601990049751,,,,At Risk
2876389,Gihon Abisinya Butchery,Chandra,Unspecified,True,True,0.0,2.032608695652174,0.0,,,0.0,,,,20.0,28.456521739130437,0.7028265851795263,,,1.0,,,,,,,71.0,79.75,0.890282131661442,,,0.35323383084577115,,,,At Risk
2820658,Damo Hotel,Chandra,Unspecified,True,False,0.0,7.3978919631093545,0.0,,,,,,,46.09090909090909,103.57048748353097,0.44501971759318154,,,,,,,,,,93.96969696969697,203.15151515151516,0.4625596658711217,,,,,,,Critical
2709078,Hunduman Hotel,Chandra,Unspecified,True,True,0.0,9.965217391304348,0.0,,,0.0,,,,62.303030303030305,139.5130434782609,0.44657494919275015,,,3.1151515151515152,,,,,,,214.06060606060606,300.70000000000005,0.7118743134705887,,,1.0649781396050053,,,,Critical
1575040,Jamson Hotel,Chandra,Unspecified,True,True,0.0,8.097826086956522,0.0,,,0.0,,,,48.87878787878788,113.36956521739131,0.43114558819256804,,,2.4439393939393943,,,,,,,144.27272727272728,219.25,0.6580284026122111,,,0.717774762550882,,,,Critical
1574246,One View Bar and Restaurant,Chandra,Unspecified,True,True,0.0,10.07463768115942,0.0,,,0.0,,,,51.57575757575758,141.04492753623188,0.36566899977674633,0.6666666666666666,0.5,2.578787878787879,,,,,,,144.87878787878788,318.43333333333334,0.45497368746609823,0.4,0.75,0.7207899894467058,,,,Critical
1207099,Asko level 5 Hotel,Chandra,Unspecified,True,True,0.0,12.544927536231885,0.0,,,0.0,,,,182.72727272727272,175.6289855072464,1.0404163765993708,0.6666666666666666,0.5,9.136363636363637,,,,,,,343.75757575757575,383.6833333333334,0.8959408603212086,0.4,0.75,1.7102366953113222,,,,On Track
1203914,Electro Commercial,Chandra,Unspecified,True,False,0.0,9.193478260869567,0.0,,,,,,,48.878787878787875,128.70869565217393,0.3797629028179985,,,,,,,,,,161.06060606060606,244.45000000000002,0.6588693232178607,,,,,,,Critical
1062558,Watot lounge,Chandra,Unspecified,True,True,0.0,4.9275362318840585,0.0,,,0.0,,,,13.787878787878789,68.98550724637683,0.19986631016042777,,,0.6893939393939394,,,,,,,68.36363636363636,156.60000000000002,0.43654940206664333,,,0.34011759384893714,,,,Critical
1048221,Fikere Kunespagna lebu,Chandra,Unspecified,True,True,0.0,11.139196310935443,0.0,0.0,,0.0,,,,105.75757575757576,155.94874835309622,0.678155976719489,0.0,,5.287878787878788,,,,,,,260.1515151515152,350.80151515151516,0.741591766042267,0.0,,1.294286145032414,,,,At Risk
1028182,Sheraton Addis Hotel,Chandra,Unspecified,True,True,0.0,8.410869565217393,0.0,,,0.0,,,,26.363636363636363,117.75217391304349,0.22389086746801914,0.0,,1.3181818181818181,,,,,,,99.96969696969697,233.60000000000002,0.4279524699045247,0.0,,0.4973616764661541,,,,Critical
1024369,Embilta Hotel,Chandra,Unspecified,True,False,0.0,8.278985507246377,0.0,,,,,,,61.03030303030303,115.9057971014493,0.5265509107959873,0.3333333333333333,0.0,,,,,,,,141.21212121212122,223.41666666666669,0.6320572378013631,0.2857142857142857,0.5,,,,,At Risk
1017820,Bisrat Hotel,Chandra,Unspecified,True,True,0.0,5.79927536231884,0.0,,,0.0,,,,24.0,81.18985507246377,0.2956034344263758,,,1.2,,,,,,,76.0,166.38333333333333,0.45677652008414305,,,0.3781094527363184,,,,Critical
1015124,Golden plus Bar and Resturant,Chandra,Unspecified,True,True,3.787878787878788,9.297891963109356,0.4073911380028623,,,3.787878787878788,,,,78.93939393939394,130.170487483531,0.6064308082842607,0.0,,3.946969696969697,,,,,,,134.51515151515153,292.50151515151515,0.45987847770796325,0.2,1.0,0.669229609528117,,,,At Risk
1008852,Joni Hotel,Chandra,Unspecified,True,True,0.0,10.192753623188405,0.0,,,0.0,,,,32.0,142.6985507246377,0.22424894883305233,0.6666666666666666,0.5,1.6,,,,,,,101.66666666666667,376.7,0.26988762056455184,0.4,0.75,0.5058043117744611,,,,Critical
1002533,Lemelem Butchery,Chandra,Unspecified,True,True,0.0,9.871805006587616,0.0,,,0.0,,,,136.3939393939394,138.20527009222664,0.9868939100724704,,,6.81969696969697,,,,,,,820.5454545454545,284.80151515151516,2.8811133750778053,,,4.082315694255993,,,,On Track
1000052,Ananiya Hotel,Alemayehu,Unspecified,True,False,0.0,3.6586956521739133,0.0,,,,,,,41.0,51.22173913043479,0.8004413886766827,1.0,1.0,,,,,,,,99.0,84.15,1.176470588235294,1.0,1.0,,,,,Watch
1000201,Haletawe Ha,Alemayehu,Unspecified,True,False,0.0,1.3043478260869565,0.0,,,,,,,0.0,18.26086956521739,0.0,,,,,,,,,,0.0,63.0,0.0,,,,,,,Critical
1000482,Capital Hotel and Spa,Alemayehu,Unspecified,True,False,0.0,1.3043478260869565,0.0,,,,,,,0.0,18.26086956521739,0.0,0.0,,,,,,,,,0.0,63.0,0.0,0.0,,,,,,Critical
1001463,Grand Mark Addis,Alemayehu,Unspecified,True,False,0.0,4.352173913043478,0.0,0.0,,,,,,73.0,60.9304347826087,1.1980876266590552,0.3333333333333333,1.0,,,,,,,,147.0,168.11666666666667,0.8743927827897293,0.625,1.0,,,,,On Track
1001498,Al Lebnany Restaurant,Alemayehu,Unspecified,True,False,0.0,1.3043478260869565,0.0,,,,,,,6.0,18.26086956521739,0.32857142857142857,0.0,,,,,,,,,12.0,30.0,0.4,3.0,0.0,,,,,Critical
1001526,Genesis Fishe,Alemayehu,Unspecified,True,False,0.0,1.3043478260869565,0.0,,,,,,,7.0,18.26086956521739,0.38333333333333336,0.5,1.0,,,,,,,,36.0,30.0,1.2,0.5,1.0,,,,,Critical
1001640,Beemnet Bar and Restaurant,Alemayehu,Unspecified,True,False,0.0,3.132608695652174,0.0,,,,,,,35.0,43.856521739130436,0.7980569049271339,1.0,1.0,,,,,,,,85.0,143.36666666666667,0.5928853754940712,1.0,1.0,,,,,Watch
1001664,Yoalu bar and resturant,Alemayehu,Unspecified,True,False,0.0,1.3043478260869565,0.0,,,,,,,21.0,18.26086956521739,1.1500000000000001,1.0,1.0,,,,,,,,36.0,63.0,0.5714285714285714,0.3333333333333333,1.0,,,,,On Track
1001697,Airport Motel,Alemayehu,Unspecified,True,False,0.0,1.3043478260869565,0.0,,,,,,,11.0,18.26086956521739,0.6023809523809524,0.0,,,,,,,,,14.0,63.0,0.2222222222222222,0.6666666666666666,1.0,,,,,At Risk
1001801,Quara Hotel,Alemayehu,Unspecified,True,False,0.0,1.5543478260869565,0.0,,,,,,,26.0,21.760869565217394,1.1948051948051945,1.0,1.0,,,,,,,,72.0,35.75,2.013986013986014,2.0,0.5,,,,,On Track
1002026,Hintsa Hotel,Alemayehu,Unspecified,True,False,0.0,3.132608695652174,0.0,,,,,,,32.0,43.856521739130436,0.729652027361951,1.0,1.0,,,,,,,,126.0,72.05,1.7487855655794589,1.0,1.0,,,,,At Risk
1003655,Nexus Hotel,Alemayehu,Unspecified,True,False,0.0,1.3043478260869565,0.0,,,,,,,30.0,18.26086956521739,1.642857142857143,1.0,1.0,,,,,,,,45.0,63.0,0.7142857142857143,1.0,1.0,,,,,On Track
1005311,Yomana Kitefo Bet,Alemayehu,Unspecified,True,False,0.0,1.5065217391304346,0.0,,,,,,,8.0,21.09130434782609,0.37930323644609354,0.0,,,,,,,,,39.0,68.75,0.5672727272727273,0.6666666666666666,1.0,,,,,Critical
1005314,Yod Abyssinia cultural Ambassador,Alemayehu,Unspecified,True,False,0.0,1.9130434782608696,0.0,,,,,,,36.0,26.782608695652176,1.344155844155844,0.0,,,,,,,,,77.0,125.21666666666667,0.6149341142020498,0.6666666666666666,1.0,,,,,On Track
1008531,Trinity Hotel,Alemayehu,Unspecified,True,False,0.0,1.3043478260869565,0.0,,,,,,,0.0,18.26086956521739,0.0,0.0,,,,,,,,,0.0,63.0,0.0,0.0,,,,,,Critical
1008545,Mk`s bar,Alemayehu,Unspecified,True,False,0.0,1.3043478260869565,0.0,,,,,,,3.0,18.26086956521739,0.16428571428571428,1.0,1.0,,,,,,,,17.0,63.0,0.2698412698412698,1.3333333333333333,0.75,,,,,Critical
1008615,Atlas  International Hotel,Alemayehu,Unspecified,True,False,0.0,1.3043478260869565,0.0,,,,,,,4.0,18.26086956521739,0.21904761904761905,1.0,1.0,,,,,,,,18.0,63.0,0.2857142857142857,1.0,1.0,,,,,Critical
1009150,Yilma Butchery,Alemayehu,Unspecified,True,False,0.0,1.3043478260869565,0.0,,,,,,,2.0,18.26086956521739,0.10952380952380952,1.0,1.0,,,,,,,,3.0,63.0,0.047619047619047616,1.0,1.0,,,,,Critical
1009239,Checheho Yebahil Migb Adarash,Alemayehu,Unspecified,True,False,0.0,1.3043478260869565,0.0,,,,,,,35.0,18.26086956521739,1.9166666666666667,1.0,1.0,,,,,,,,65.0,63.0,1.0317460317460319,1.0,1.0,,,,,On Track
1009386,Southern Addis Hotel,Alemayehu,Unspecified,True,False,0.0,1.3043478260869565,0.0,,,,,,,4.0,18.26086956521739,0.21904761904761905,1.0,1.0,,,,,,,,12.0,63.0,0.19047619047619047,0.6666666666666666,1.0,,,,,Critical
1009720,Sol Dallas,Alemayehu,Unspecified,True,False,0.0,1.3043478260869565,0.0,,,,,,,4.0,18.26086956521739,0.21904761904761905,0.5,1.0,,,,,,,,11.0,63.0,0.1746031746031746,0.8,1.0,,,,,Critical
1010277,Totot Cultural Restaurant,Alemayehu,Unspecified,True,False,0.0,4.328260869565217,0.0,0.0,,,,,,42.0,60.595652173913045,0.6931190356604721,0.5,1.0,,,,,,,,117.0,167.38333333333333,0.6989943244050583,0.6,1.0,,,,,At Risk
1011638,Sidra Hotel,Alemayehu,Unspecified,True,False,0.0,1.3043478260869565,0.0,,,,,,,35.0,18.26086956521739,1.9166666666666667,1.0,1.0,,,,,,,,70.0,63.0,1.1111111111111112,1.0,1.0,,,,,On Track
1011696,Panaroma Hotel,Alemayehu,Unspecified,True,False,0.0,1.3043478260869565,0.0,,,,,,,37.0,18.26086956521739,2.026190476190476,0.0,,,,,,,,,43.0,63.0,0.6825396825396826,0.6666666666666666,1.0,,,,,On Track
1012499,Getfam Hotel,Alemayehu,Unspecified,True,False,0.0,1.3043478260869565,0.0,,,,,,,5.0,18.26086956521739,0.27380952380952384,1.0,1.0,,,,,,,,25.0,63.0,0.3968253968253968,1.0,1.0,,,,,Critical
1013578,Fkire kunspagna no 2,Alemayehu,Unspecified,True,False,0.0,2.4869565217391307,0.0,,,,,,,71.24242424242425,34.81739130434783,2.046173523446251,0.0,,,,,,,,,171.75757575757575,111.65,1.538357149642416,0.0,,,,,,On Track
1013652,Addisiniya Hotel,Alemayehu,Unspecified,True,False,0.0,1.3043478260869565,0.0,,,,,,,7.0,18.26086956521739,0.38333333333333336,1.0,1.0,,,,,,,,21.0,63.0,0.3333333333333333,1.0,1.0,,,,,Critical
1014435,Lomiyad Supermarket,Alemayehu,Unspecified,True,False,0.0,1.3043478260869565,0.0,,,,,,,5.0,18.26086956521739,0.27380952380952384,1.0,1.0,,,,,,,,10.0,63.0,0.15873015873015872,1.0,1.0,,,,,Critical
1014751,Dawit Brundo,Alemayehu,Unspecified,True,False,0.0,1.3043478260869565,0.0,0.0,,,,,,5.0,18.26086956521739,0.27380952380952384,0.5,1.0,,,,,,,,20.0,63.0,0.31746031746031744,1.0,0.8,,,,,Critical
1016941,Hammer lounge,Alemayehu,Unspecified,True,False,0.0,1.3043478260869565,0.0,0.0,,,,,,0.0,18.26086956521739,0.0,0.5,1.0,,,,,,,,10.0,63.0,0.15873015873015872,0.6,1.0,,,,,Critical
1020357,Winner Hotel,Alemayehu,Unspecified,True,False,0.0,1.3043478260869565,0.0,,,,,,,10.0,18.26086956521739,0.5476190476190477,1.0,1.0,,,,,,,,23.0,30.0,0.7666666666666667,1.0,1.0,,,,,At Risk
1025261,Bambis supermarket,Alemayehu,Unspecified,True,False,0.0,2.821739130434783,0.0,,,,,,,11.0,39.50434782608696,0.27845036319612587,0.0,,,,,,,,,83.0,132.73333333333335,0.6253139126067302,0.6666666666666666,1.0,,,,,Critical
1039556,Mintesinot Butchery,Alemayehu,Unspecified,True,False,0.0,3.682608695652174,0.0,,,,,,,50.0,51.55652173913044,0.9698094113678528,,,,,,,,,,132.0,84.7,1.5584415584415583,,,,,,,On Track
1048118,Africana Bar and Restaurant,Alemayehu,Unspecified,True,False,0.0,1.3043478260869565,0.0,,,,,,,10.0,18.26086956521739,0.5476190476190477,0.0,,,,,,,,,25.0,63.0,0.3968253968253968,1.0,0.6666666666666666,,,,,At Risk
1051669,Ker Yihun Nught Club,Alemayehu,Unspecified,True,False,0.0,2.630434782608696,0.0,,,,,,,27.0,36.82608695652174,0.7331759149940967,1.0,1.0,,,,,,,,82.0,60.5,1.3553719008264462,1.0,1.0,,,,,At Risk
1057642,Befrehot Hotel,Alemayehu,Unspecified,True,False,0.0,6.145652173913043,0.0,,,,,,,63.0,86.0391304347826,0.7322249734701097,1.0,1.0,,,,,,,,182.0,141.35,1.28758401131942,1.0,1.0,,,,,At Risk
1058189,Foyat Hotel,Alemayehu,Unspecified,True,False,0.0,1.3043478260869565,0.0,,,,,,,0.0,18.26086956521739,0.0,0.0,,,,,,,,,2.0,63.0,0.031746031746031744,0.6666666666666666,1.0,,,,,Critical
1063353,L and Z China  Hotel,Alemayehu,Unspecified,True,False,0.0,1.5782608695652172,0.0,,,,,,,12.0,22.09565217391304,0.5430932703659976,,,,,,,,,,49.0,69.3,0.7070707070707071,0.0,,,,,,At Risk
1090850,The Hub Addis Ababa,Alemayehu,Unspecified,True,False,0.0,1.3043478260869565,0.0,,,,,,,13.0,18.26086956521739,0.7119047619047619,1.0,1.0,,,,,,,,17.0,63.0,0.2698412698412698,0.6666666666666666,1.0,,,,,At Risk
1091718,Green Bar and restaurant,Alemayehu,Unspecified,True,False,0.0,2.176086956521739,0.0,,,,,,,40.0,30.46521739130435,1.31297274154417,0.5,1.0,,,,,,,,80.0,116.41666666666667,0.6871868289191123,0.8,1.0,,,,,On Track
1126810,Dusk Addis,Alemayehu,Unspecified,True,False,0.0,1.3043478260869565,0.0,,,,,,,2.0,18.26086956521739,0.10952380952380952,1.0,1.0,,,,,,,,19.0,63.0,0.30158730158730157,1.0,1.0,,,,,Critical
1201359,Pick Pick Supermarket,Alemayehu,Unspecified,True,False,0.0,1.3043478260869565,0.0,,,,,,,3.0,18.26086956521739,0.16428571428571428,,,,,,,,,,6.0,30.0,0.2,,,,,,,Critical
1202435,Hundaf bar and resturant,Alemayehu,Unspecified,True,False,0.0,1.3043478260869565,0.0,,,,,,,6.0,18.26086956521739,0.32857142857142857,,,,,,,,,,27.0,30.0,0.9,,,,,,,Critical
1207997,Damo butchery  (bulbula,Alemayehu,Unspecified,True,False,0.0,1.5065217391304346,0.0,,,,,,,50.0,21.09130434782609,2.3706452277880845,1.0,1.0,,,,,,,,96.0,67.65,1.4190687361419068,0.6666666666666666,1.0,,,,,On Track
1210611,Yod jame hotel,Alemayehu,Unspecified,True,False,0.0,3.8978260869565218,0.0,,,,,,,40.0,54.569565217391315,0.733009321966377,1.0,1.0,,,,,,,,139.0,194.88333333333333,0.7132472419396221,0.6666666666666666,1.0,,,,,At Risk
1213545,70 Dereja,Alemayehu,Unspecified,True,False,0.0,1.3043478260869565,0.0,,,,,,,6.0,18.26086956521739,0.32857142857142857,0.5,1.0,,,,,,,,18.0,63.0,0.2857142857142857,0.2,1.0,,,,,Critical
1214424,Goro addis butchery,Alemayehu,Unspecified,True,False,0.0,4.519565217391304,0.0,,,,,,,77.0,63.27391304347827,1.2169312169312168,0.0,,,,,,,,,178.0,179.11666666666667,0.9937657020563878,0.3333333333333333,1.0,,,,,On Track
1214830,The Chill Spot,Alemayehu,Unspecified,True,False,0.0,1.3043478260869565,0.0,,,,,,,7.0,18.26086956521739,0.38333333333333336,1.0,1.0,,,,,,,,18.0,63.0,0.2857142857142857,1.0,1.0,,,,,Critical
1215088,Best Western Plus Pearl Addis,Alemayehu,Unspecified,True,False,0.0,1.3043478260869565,0.0,,,,,,,15.0,18.26086956521739,0.8214285714285715,0.0,,,,,,,,,25.0,63.0,0.3968253968253968,0.6666666666666666,1.0,,,,,Watch
1560742,Read Sea Club,Alemayehu,Unspecified,True,False,0.0,1.315217391304348,0.0,,,,,,,30.0,18.41304347826087,1.6292798110979927,1.0,1.0,,,,,,,,60.0,63.25,0.9486166007905138,1.0,1.0,,,,,On Track
1561673,Chillies Addis Hotel & Restaurant,Alemayehu,Unspecified,True,False,0.0,1.3043478260869565,0.0,,,,,,,4.0,18.26086956521739,0.21904761904761905,1.0,1.0,,,,,,,,8.0,63.0,0.12698412698412698,0.6666666666666666,1.0,,,,,Critical
1564382,Kena Hotel,Alemayehu,Unspecified,True,False,0.0,1.3043478260869565,0.0,,,,,,,0.0,18.26086956521739,0.0,1.0,1.0,,,,,,,,5.0,63.0,0.07936507936507936,1.0,1.0,,,,,Critical
1567781,Cheru medihaniyalem  liyu kurt,Alemayehu,Unspecified,True,False,0.0,1.8652173913043477,0.0,,,,,,,12.0,26.11304347826087,0.4595404595404595,0.5,1.0,,,,,,,,51.0,83.78333333333333,0.608712950069624,0.6,1.0,,,,,Critical
1569906,Bella Pasta,Alemayehu,Unspecified,True,False,0.0,1.3043478260869565,0.0,0.0,,,,,,6.0,18.26086956521739,0.32857142857142857,0.0,,,,,,,,,13.0,63.0,0.20634920634920634,0.0,,,,,,Critical
1571808,Seven Hotel,Alemayehu,Unspecified,True,False,0.0,1.3043478260869565,0.0,,,,,,,4.0,18.26086956521739,0.21904761904761905,1.0,1.0,,,,,,,,12.0,63.0,0.19047619047619047,0.8,1.0,,,,,Critical
1571830,Mark Addis,Alemayehu,Unspecified,True,False,0.0,6.719565217391305,0.0,0.0,,,,,,57.0,94.07391304347827,0.6059065489670471,0.5,1.0,,,,,,,,187.0,306.9,0.6093189964157707,1.0,0.8,,,,,At Risk
1575604,Winer  fiyel,Alemayehu,Unspecified,True,False,0.0,3.132608695652174,0.0,,,,,,,45.0,43.856521739130436,1.0260731634777436,1.0,1.0,,,,,,,,75.0,134.93333333333334,0.5558300395256917,1.0,0.6666666666666666,,,,,On Track
1579113,Z Blue one Lounge,Alemayehu,Unspecified,True,False,0.0,1.3043478260869565,0.0,,,,,,,10.0,18.26086956521739,0.5476190476190477,1.0,1.0,,,,,,,,40.0,30.0,1.3333333333333333,2.0,0.5,,,,,At Risk
1579550,bricks lounge,Alemayehu,Unspecified,True,False,0.0,1.817391304347826,0.0,,,,,,,25.0,25.443478260869565,0.98257006151743,1.0,1.0,,,,,,,,65.0,85.98333333333332,0.7559604574529949,0.8,1.0,,,,,On Track
1607919,Hawinet Kurt and kitfo,Alemayehu,Unspecified,True,False,0.0,1.3043478260869565,0.0,0.0,,,,,,4.0,18.26086956521739,0.21904761904761905,0.0,,,,,,,,,9.0,63.0,0.14285714285714285,0.0,,,,,,Critical
1634942,Tripple-e Hotel & Spa,Alemayehu,Unspecified,True,False,0.0,1.3043478260869565,0.0,,,,,,,0.0,18.26086956521739,0.0,1.0,1.0,,,,,,,,5.0,63.0,0.07936507936507936,1.0,1.0,,,,,Critical
1655428,Whitehouse Hotel,Alemayehu,Unspecified,True,False,0.0,1.3043478260869565,0.0,,,,,,,5.0,18.26086956521739,0.27380952380952384,0.0,,,,,,,,,16.0,63.0,0.25396825396825395,1.0,0.6666666666666666,,,,,Critical
1812667,Zanzi,Alemayehu,Unspecified,True,False,0.0,1.3043478260869565,0.0,,,,,,,8.0,18.26086956521739,0.4380952380952381,,,,,,,,,,43.57575757575758,30.0,1.4525252525252526,,,,,,,Critical
2003128,wecare special kurt,Alemayehu,Unspecified,True,False,0.0,1.8891304347826088,0.0,,,,,,,16.0,26.447826086956525,0.604964655597567,1.0,1.0,,,,,,,,46.0,88.73333333333335,0.5184072126220886,0.8,1.0,,,,,At Risk
2060901,Social bar(selo house,Alemayehu,Unspecified,True,False,0.0,1.3043478260869565,0.0,,,,,,,3.0,18.26086956521739,0.16428571428571428,,,,,,,,,,3.0,30.0,0.1,,,,,,,Critical
2064187,Bella Pizza And Pasta,Alemayehu,Unspecified,True,False,0.0,1.3043478260869565,0.0,0.0,,,,,,0.0,18.26086956521739,0.0,0.5,1.0,,,,,,,,3.0,63.0,0.047619047619047616,0.6,0.6666666666666666,,,,,Critical
2117654,Blen Lounge,Alemayehu,Unspecified,True,False,0.0,1.3043478260869565,0.0,,,,,,,12.0,18.26086956521739,0.6571428571428571,1.0,1.0,,,,,,,,29.0,30.0,0.9666666666666667,1.0,1.0,,,,,At Risk
2123024,Hop Lounge,Alemayehu,Unspecified,True,False,0.0,3.2282608695652173,0.0,,,,,,,29.0,45.19565217391305,0.6416546416546416,1.0,1.0,,,,,,,,70.0,140.98333333333335,0.4965125901406785,0.8,1.0,,,,,At Risk
2170889,Ende Bate bar,Alemayehu,Unspecified,True,False,0.0,1.3043478260869565,0.0,,,,,,,4.0,18.26086956521739,0.21904761904761905,1.0,1.0,,,,,,,,8.0,30.0,0.26666666666666666,2.0,0.5,,,,,Critical
2221331,Kebede butchery(22,Alemayehu,Unspecified,True,False,0.0,1.3043478260869565,0.0,,,,,,,3.0,18.26086956521739,0.16428571428571428,0.0,,,,,,,,,20.0,63.0,0.31746031746031744,0.6666666666666666,1.0,,,,,Critical
2230162,Club Toronto,Alemayehu,Unspecified,True,False,0.0,1.9130434782608696,0.0,,,,,,,20.0,26.782608695652176,0.7467532467532467,1.0,1.0,,,,,,,,55.0,44.0,1.25,1.0,1.0,,,,,At Risk
2275518,Bamies Bistro,Alemayehu,Unspecified,True,False,0.0,1.3043478260869565,0.0,,,,,,,2.0,18.26086956521739,0.10952380952380952,0.5,1.0,,,,,,,,27.0,63.0,0.42857142857142855,0.6,1.0,,,,,Critical
2417722,Fantu Supermarket,Alemayehu,Unspecified,True,False,0.0,1.3043478260869565,0.0,,,,,,,2.0,18.26086956521739,0.10952380952380952,1.0,1.0,,,,,,,,5.0,63.0,0.07936507936507936,1.0,1.0,,,,,Critical
2495983,Hundaf bar no3,Alemayehu,Unspecified,True,False,0.0,1.3043478260869565,0.0,,,,,,,15.0,18.26086956521739,0.8214285714285715,1.0,1.0,,,,,,,,44.0,63.0,0.6984126984126984,1.0,0.8,,,,,Watch
2608618,lexury winner  fiyel bet,Alemayehu,Unspecified,True,False,0.0,3.1565217391304343,0.0,,,,,,,34.0,44.19130434782608,0.7693821330184967,1.0,1.0,,,,,,,,92.0,133.46666666666667,0.6893106893106893,0.8,0.75,,,,,Watch
2675988,Tadese Asa Bete,Alemayehu,Unspecified,True,False,0.0,1.3043478260869565,0.0,,,,,,,5.0,18.26086956521739,0.27380952380952384,1.0,1.0,,,,,,,,21.0,63.0,0.3333333333333333,0.8,1.0,,,,,Critical
2725111,Kidanemihret Butchery,Alemayehu,Unspecified,True,False,0.0,1.5543478260869565,0.0,,,,,,,22.0,21.760869565217394,1.010989010989011,0.0,,,,,,,,,62.0,68.75,0.9018181818181819,1.0,0.6666666666666666,,,,,On Track
2730033,Yemechen fiyele bet n 02,Alemayehu,Unspecified,True,False,0.0,1.3043478260869565,0.0,,,,,,,6.0,18.26086956521739,0.32857142857142857,1.0,0.0,,,,,,,,21.0,63.0,0.3333333333333333,1.3333333333333333,0.5,,,,,Critical
2757908,Tarik Lounge,Alemayehu,Unspecified,True,False,0.0,1.3043478260869565,0.0,,,,,,,3.0,18.26086956521739,0.16428571428571428,1.0,1.0,,,,,,,,7.0,30.0,0.23333333333333334,2.0,0.5,,,,,Critical
2764159,Paris bar(vaccart italian resturant,Alemayehu,Unspecified,True,False,0.0,1.3043478260869565,0.0,,,,,,,0.0,18.26086956521739,0.0,,,,,,,,,,0.0,30.0,0.0,,,,,,,Critical
2773109,Hanot Bar and Restautrant,Alemayehu,Unspecified,True,False,0.0,1.3043478260869565,0.0,,,,,,,6.0,18.26086956521739,0.32857142857142857,0.5,1.0,,,,,,,,15.0,63.0,0.23809523809523808,0.4,1.0,,,,,Critical
2780028,12 Menota lounge,Alemayehu,Unspecified,True,False,0.0,1.3043478260869565,0.0,,,,,,,0.0,18.26086956521739,0.0,1.0,1.0,,,,,,,,1.0,63.0,0.015873015873015872,0.6,1.0,,,,,Critical
2789793,Mekelite Kurt,Alemayehu,Unspecified,True,False,0.0,1.315217391304348,0.0,,,,,,,8.0,18.41304347826087,0.4344746162927981,1.0,1.0,,,,,,,,34.0,63.25,0.5375494071146245,0.75,1.0,,,,,Critical
2812402,Zemera Kurte,Alemayehu,Unspecified,True,False,0.0,1.482608695652174,0.0,,,,,,,17.0,20.756521739130438,0.8190196899874318,1.0,1.0,,,,,,,,62.0,34.1,1.8181818181818181,2.0,0.5,,,,,Watch
2837203,Zegeye kurt bet,Alemayehu,Unspecified,True,False,0.0,2.989130434782609,0.0,,,,,,,34.0,41.84782608695652,0.8124675324675324,1.0,1.0,,,,,,,,92.0,121.36666666666666,0.7580335072782203,0.8,1.0,,,,,Watch
2845807,She Semaneya,Alemayehu,Unspecified,True,False,0.0,1.3043478260869565,0.0,,,,,,,38.0,18.26086956521739,2.080952380952381,1.0,1.0,,,,,,,,72.0,63.0,1.1428571428571428,0.8,1.0,,,,,On Track
2879434,Doubel Tree by hilton,Alemayehu,Unspecified,True,False,0.0,1.3043478260869565,0.0,,,,,,,0.0,18.26086956521739,0.0,0.0,,,,,,,,,10.0,63.0,0.15873015873015872,0.6666666666666666,1.0,,,,,Critical
2905492,Fikire kunspagna,Alemayehu,Unspecified,True,False,0.0,6.3731884057971016,0.0,,,,,,,51.36363636363636,89.22463768115944,0.5756665165420138,0.0,,,,,,,,,181.87878787878788,146.58333333333334,1.2407876376040103,1.0,0.0,,,,,At Risk
2906158,Mesekelgna Leyu Kurt,Alemayehu,Unspecified,True,False,0.0,1.3043478260869565,0.0,,,,,,,0.0,18.26086956521739,0.0,0.0,,,,,,,,,0.0,63.0,0.0,0.0,,,,,,Critical
2910023,Geche Asa Bete,Alemayehu,Unspecified,True,False,0.0,1.3043478260869565,0.0,,,,,,,0.0,18.26086956521739,0.0,1.0,1.0,,,,,,,,16.0,63.0,0.25396825396825395,1.0,0.8,,,,,Critical
2926342,Cheru Adama Special Kurt,Alemayehu,Unspecified,True,False,0.0,1.5304347826086957,0.0,,,,,,,25.0,21.426086956521743,1.1668019480519478,2.0,0.5,,,,,,,,67.0,35.2,1.9034090909090908,3.0,0.3333333333333333,,,,,On Track
2931271,70 Dereja,Alemayehu,Unspecified,True,False,0.0,1.3043478260869565,0.0,,,,,,,8.0,18.26086956521739,0.4380952380952381,1.0,1.0,,,,,,,,17.0,63.0,0.2698412698412698,1.0,0.8,,,,,Critical
2933482,Chuchu supermarket and restaurant,Alemayehu,Unspecified,True,False,0.0,1.3043478260869565,0.0,,,,,,,3.0,18.26086956521739,0.16428571428571428,1.0,1.0,,,,,,,,8.0,63.0,0.12698412698412698,0.8,1.0,,,,,Critical
2938660,L-classice,Alemayehu,Unspecified,True,False,0.0,1.5782608695652172,0.0,,,,,,,11.0,22.09565217391304,0.49783549783549785,1.0,1.0,,,,,,,,60.0,69.3,0.8658008658008658,0.8,1.0,,,,,Critical
2947304,Noble plate,Alemayehu,Unspecified,True,False,0.0,1.3043478260869565,0.0,,,,,,,4.0,18.26086956521739,0.21904761904761905,1.0,1.0,,,,,,,,21.0,30.0,0.7,2.0,0.5,,,,,Critical
2951769,Yebate Kitfo,Alemayehu,Unspecified,True,False,0.0,1.3043478260869565,0.0,,,,,,,2.0,18.26086956521739,0.10952380952380952,1.0,1.0,,,,,,,,37.0,30.0,1.2333333333333334,2.5,0.4,,,,,Critical
2953966,Worka Buna,Alemayehu,Unspecified,True,False,0.0,1.3043478260869565,0.0,,,,,,,33.0,18.26086956521739,1.8071428571428572,0.0,,,,,,,,,54.0,63.0,0.8571428571428571,1.0,0.6666666666666666,,,,,On Track
2957199,Gashaw Special Kurt,Alemayehu,Unspecified,True,False,0.0,1.3043478260869565,0.0,,,,,,,36.0,18.26086956521739,1.9714285714285715,,,,,,,,,,77.0,30.0,2.566666666666667,,,,,,,On Track
16827727,Kot Hotel,Alemayehu,Unspecified,True,False,0.0,1.3043478260869565,0.0,,,,,,,0.0,18.26086956521739,0.0,0.0,,,,,,,,,0.0,63.0,0.0,0.0,,,,,,Critical
2848593,Habesha butchery,Alemayehu,Unspecified,True,False,0.0,9.560935441370225,0.0,,,,,,,178.27272727272728,133.85309617918315,1.3318535944367065,0.5,1.0,,,,,,,,302.8787878787879,307.71818181818185,0.984273292170128,0.4,1.0,,,,,On Track
2828624,Tsina kurt ena kitfo(72),Alemayehu,Unspecified,True,False,0.0,8.65,0.0,,,,,,,40.303030303030305,121.10000000000002,0.33280784725871426,,,,,,,,,,172.33333333333334,246.98333333333335,0.6977528848100412,,,,,,,Critical
2808896,Central butchery,Alemayehu,Unspecified,True,True,0.0,7.695718050065876,0.0,,,0.0,,,,65.45454545454545,107.74005270092228,0.6075228646512918,1.0,1.0,3.2727272727272725,,,,,,,130.9090909090909,210.00151515151515,0.6233721257422385,0.8,1.0,0.6512890094979648,,,,At Risk
2722948,Yared Kurt,Alemayehu,Unspecified,True,True,0.0,7.3978919631093545,0.0,,,0.0,,,,18.363636363636363,103.57048748353097,0.17730568629945298,1.0,1.0,0.9181818181818182,,,,,,,46.303030303030305,203.15151515151516,0.22792362768496421,0.8,1.0,0.2303633348409468,,,,Critical
2718353,Misale Addis,Alemayehu,Unspecified,True,False,0.0,7.3978919631093545,0.0,,,,,,,60.60606060606061,103.57048748353097,0.5851672815163466,0.0,,,,,,,,,131.21212121212122,203.15151515151516,0.6458830548926014,0.6666666666666666,1.0,,,,,At Risk
2387988,Sheger Kurt,Alemayehu,Unspecified,True,True,0.0,9.154347826086957,0.0,,,0.0,,,,64.66666666666667,128.1608695652174,0.5045741877848265,0.0,,3.2333333333333334,,,,,,,203.06060606060606,243.55,0.8337532583067381,0.25,1.0,1.0102517714458012,,,,At Risk
2336521,Mereb Butchery,Alemayehu,Unspecified,True,True,0.0,7.644927536231885,0.0,,,0.0,,,,76.45454545454545,107.02898550724639,0.7143349541453806,1.0,1.0,3.8227272727272728,,,,,,,166.63636363636363,208.83333333333334,0.7979394906769207,0.6,1.0,0.8290366350067843,,,,At Risk
2267797,Beyene leda,Alemayehu,Unspecified,True,True,0.0,7.456587615283268,0.0,,,0.0,,,,31.363636363636367,104.39222661396575,0.3004403429348876,0.5,1.0,1.5681818181818183,,,,,,,80.30303030303031,171.50151515151515,0.4682351070314778,1.0,0.5,0.39951756369666824,,,,Critical
2254017,Fekire  kunespagna,Alemayehu,Unspecified,True,True,0.0,8.62832674571805,0.0,,,0.0,,,,165.6969696969697,120.79657444005272,1.371702554191216,1.0,1.0,8.284848484848485,,,,,,,270.0909090909091,242.26818181818183,1.1148426799752342,0.8,1.0,1.343735866123926,,,,On Track
2211661,Fikre Kunspagna Imperial,Alemayehu,Unspecified,True,False,0.0,9.085507246376812,0.0,,,,,,,87.03030303030303,127.1971014492754,0.6842160869916492,,,,,,,,,,211.06060606060606,208.9666666666667,1.010020446932235,,,,,,,At Risk
2196866,Yonas chercher buchery no3,Alemayehu,Unspecified,True,True,0.0,10.71231884057971,0.0,,,0.0,,,,122.12121212121212,149.97246376811594,0.8142908974945774,1.0,1.0,6.106060606060606,,,,,,,289.1818181818182,317.8833333333333,0.9097105379808678,0.8,1.0,1.438715513342379,,,,Watch
1858638,Erasu Bahiru Deka Butchery,Alemayehu,Unspecified,True,True,0.0,7.4971014492753625,0.0,,,0.0,,,,81.66666666666667,104.95942028985507,0.7780784844384303,1.0,1.0,4.083333333333334,,,,,,,241.06060606060606,172.43333333333334,1.3979930759362424,1.0,1.0,1.1993064978139605,,,,Watch
1216866,On Time,Alemayehu,Unspecified,True,True,0.0,13.508695652173914,0.0,,,0.0,,,,176.33333333333334,189.12173913043483,0.9323800327984426,0.5,1.0,8.816666666666666,,,,,,,414.6969696969697,402.73333333333335,1.0297060992310123,0.8,1.0,2.063169003467511,,,,On Track
1215982,Kertina butchery(korean,Alemayehu,Unspecified,True,True,0.0,10.230434782608697,0.0,,,0.0,,,,84.60606060606061,143.22608695652175,0.5907168338107565,1.5,0.6666666666666666,4.2303030303030305,,,,,,,213.36363636363637,292.68333333333334,0.7289914117543523,1.0,0.75,1.0615106286748077,,,,At Risk
1215666,Amene butchery,Alemayehu,Unspecified,True,True,0.0,7.934848484848485,0.0,,,0.0,,,,106.03030303030303,111.0878787878788,0.9544722987533757,0.0,,5.301515151515152,,,,,,,179.12121212121212,239.51818181818183,0.7478397287483711,0.3333333333333333,1.0,0.8911503090607569,,,,On Track
1214332,Rebka butchery,Alemayehu,Unspecified,True,True,0.0,13.02826086956522,0.0,,,0.0,,,,90.87878787878788,182.39565217391308,0.49825084532242875,1.0,1.0,4.543939393939394,,,,,,,276.6363636363636,434.95000000000005,0.6360187691375183,1.0,0.8,1.376300316598824,,,,Critical
1193110,Mandela bar,Alemayehu,Unspecified,True,True,0.0,9.403623188405799,0.0,,,0.0,,,,72.66666666666667,131.65072463768118,0.5519655654509626,1.0,0.5,3.6333333333333337,,,,,,,169.27272727272728,265.9666666666667,0.6364433911745605,1.25,0.6,0.8421528720036183,,,,At Risk
1125112,Ethiolink bar no2,Alemayehu,Unspecified,True,False,0.0,14.223913043478262,0.0,,,,,,,229.54545454545453,199.13478260869567,1.1527140137869158,1.0,1.0,,,,,,,,466.5151515151515,451.08333333333337,1.0342105705120668,0.3333333333333333,1.0,,,,,On Track
1091921,Yohannes Kurt,Alemayehu,Unspecified,True,True,0.0,17.3768115942029,0.0,,,0.0,,,,169.54545454545456,243.2753623188406,0.6969281760774672,1.0,1.0,8.477272727272728,,,,,,,414.6969696969697,465.48333333333335,0.8908954198796298,0.6666666666666666,1.0,2.063169003467511,,,,At Risk
1010501,Feke Kunspagna,Alemayehu,Unspecified,True,False,0.0,8.097826086956522,0.0,0.0,,,,,,103.18181818181819,113.36956521739131,0.910136843022749,0.5,1.0,,,,,,,,197.78787878787878,219.25,0.902111191734909,0.8,1.0,,,,,On Track
1003056,Zekir buchery,Alemayehu,Unspecified,True,False,0.0,8.181884057971015,0.0,,,,,,,91.24242424242425,114.54637681159421,0.7965544330790987,1.0,0.0,,,,,,,,194.63636363636363,234.93333333333334,0.8284748735940562,1.0,0.3333333333333333,,,,,Watch
1002049,Liya Hotel,Alemayehu,Unspecified,True,True,0.0,12.864492753623187,0.0,,,0.0,,,,115.75757575757576,180.10289855072463,0.642730220829697,1.0,1.0,5.787878787878788,,,,,,,302.03030303030306,295.8833333333333,1.020774977852655,1.0,1.0,1.502638323533846,,,,At Risk
1002033,Snoze Hotel,Alemayehu,Unspecified,True,False,0.0,8.484848484848484,0.0,,,,,,,64.45454545454545,118.7878787878788,0.5426020408163265,1.0,1.0,,,,,,,,107.24242424242425,195.15151515151516,0.5495341614906832,1.0,1.0,,,,,At Risk
1002031,Bridge Hotel,Alemayehu,Unspecified,True,True,0.0,17.344927536231886,0.0,,,0.0,,,,144.8181818181818,242.8289855072464,0.5963793058545732,1.0,1.0,7.24090909090909,,,,,,,351.1515151515152,692.0833333333333,0.5073832849871381,0.6666666666666666,1.0,1.7470224634403742,,,,At Risk
1002025,Wabi Hotel,Alemayehu,Unspecified,True,False,0.0,9.250065876152833,0.0,,,,,,,11.363636363636363,129.50092226613967,0.08774946282067976,1.0,1.0,,,,,,,,130.5151515151515,212.75151515151515,0.6134628532360984,1.0,1.0,,,,,Critical
1001652,Kertina butchery(gerji t,Alemayehu,Unspecified,True,False,0.0,9.545652173913044,0.0,,,,,,,111.54545454545455,133.63913043478263,0.8346765964620666,1.0,0.5,,,,,,,,235.45454545454547,265.20000000000005,0.8878376525435347,1.0,0.5,,,,,Watch
1001466,goro Abiza no1,Alemayehu,Unspecified,True,True,0.0,11.505797101449275,0.0,,,0.0,,,,86.66666666666667,161.08115942028985,0.5380310582477102,1.0,0.0,4.333333333333334,,,,,,,247.9090909090909,386.3666666666667,0.6416420263370484,1.3333333333333333,0.5,1.2333785617367707,,,,At Risk
1001387,Beyene Lida Lounge,Alemayehu,Unspecified,True,False,0.0,10.630434782608695,0.0,,,,,,,148.75757575757575,148.82608695652175,0.9995396559813736,0.5,1.0,,,,,,,,331.1818181818182,335.8,0.9862472250798635,0.5,1.0,,,,,On Track
1001385,Betenda Kurt,Alemayehu,Unspecified,True,True,0.0,10.444202898550726,0.0,,,0.0,,,,83.60606060606061,146.21884057971016,0.5717871942807764,1.0,1.0,4.180303030303031,,,,,,,254.45454545454547,349.3,0.7284699268667205,0.6666666666666666,1.0,1.265943012211669,,,,At Risk
1000112,Zegelila Restaurant,Alemayehu,Unspecified,True,True,0.0,9.060144927536232,0.0,0.0,,0.0,,,,86.03030303030303,126.84202898550726,0.6782476101839454,0.5,1.0,4.301515151515152,,,,,,,189.21212121212122,249.81666666666666,0.7574039143857011,0.8,1.0,0.941353836876225,,,,At Risk
1000019,Shebel Addis,Alemayehu,Unspecified,True,False,0.0,7.456587615283268,0.0,,,,,,,68.45454545454545,104.39222661396575,0.6557437050144067,2.0,0.5,,,,,,,,153.84848484848484,204.50151515151515,0.752309755428944,1.0,0.6666666666666666,,,,,At Risk
102444,Hill Bottom,London,Unspecified,True,False,0.0,1.3043478260869565,0.0,,,,,,,0.0,18.26086956521739,0.0,,,,,,,,,,0.0,63.0,0.0,,,,,,,Critical
1001215,Pasfic Hotel,London,Unspecified,True,False,0.0,1.3043478260869565,0.0,,,,,,,0.0,18.26086956521739,0.0,0.5,1.0,,,,,,,,10.0,63.0,0.15873015873015872,0.5,1.0,,,,,Critical
1001971,Yod Abyssinya Hotel,London,Unspecified,True,False,0.0,1.3043478260869565,0.0,,,,,,,12.0,18.26086956521739,0.6571428571428571,0.5,1.0,,,,,,,,24.0,63.0,0.38095238095238093,0.5,1.0,,,,,At Risk
1001973,Archi Hotel,London,Unspecified,True,False,0.0,1.3043478260869565,0.0,,,,,,,4.0,18.26086956521739,0.21904761904761905,0.5,1.0,,,,,,,,9.0,63.0,0.14285714285714285,0.5,1.0,,,,,Critical
1002921,Ararat Hotel,London,Unspecified,True,False,0.0,1.3043478260869565,0.0,,,,,,,10.0,18.26086956521739,0.5476190476190477,,,,,,,,,,10.0,63.0,0.15873015873015872,,,,,,,At Risk
1005033,yerga Butchery,London,Unspecified,True,True,0.0,2.773913043478261,0.0,,,0.0,,,,83.0,38.834782608695654,2.137259292431706,0.5,1.0,4.15,,,,,,,134.0,63.8,2.1003134796238245,0.5,1.0,0.6666666666666666,,,,On Track
1005034,mesklu barand restaurant,London,Unspecified,True,False,0.0,1.3043478260869565,0.0,,,,,,,0.0,18.26086956521739,0.0,0.5,1.0,,,,,,,,18.0,30.0,0.6,0.5,1.0,,,,,Critical
1006224,Soramba Hotel,London,Unspecified,True,True,0.0,1.626086956521739,0.0,,,0.0,,,,26.0,22.765217391304347,1.1420932009167304,0.2,1.0,1.3,,,,,,,36.0,37.4,0.9625668449197862,0.2,1.0,0.1791044776119403,,,,On Track
1019609,Axum Hotel,London,Unspecified,True,False,0.0,1.3043478260869565,0.0,,,,,,,11.0,18.26086956521739,0.6023809523809524,0.6666666666666666,0.0,,,,,,,,11.0,30.0,0.36666666666666664,0.6666666666666666,0.0,,,,,At Risk
1019703,Tobia Teji Bet,London,Unspecified,True,True,0.0,1.3043478260869565,0.0,,,0.0,,,,8.0,18.26086956521739,0.4380952380952381,0.3333333333333333,0.0,0.4,,,,,,,8.0,30.0,0.26666666666666666,0.3333333333333333,0.0,0.03980099502487562,,,,Critical
1019834,Debredamo Hotel,London,Unspecified,True,False,0.0,1.3043478260869565,0.0,,,,,,,25.0,18.26086956521739,1.369047619047619,0.3333333333333333,0.0,,,,,,,,25.0,30.0,0.8333333333333334,0.3333333333333333,0.0,,,,,On Track
1020487,yetemche Traditional house,London,Unspecified,True,False,0.0,1.3043478260869565,0.0,,,,,,,0.0,18.26086956521739,0.0,0.25,0.0,,,,,,,,28.0,30.0,0.9333333333333333,0.25,0.0,,,,,Critical
1022948,Afro politan Hotel,London,Unspecified,True,True,0.0,1.3043478260869565,0.0,,,0.0,,,,0.0,18.26086956521739,0.0,0.3333333333333333,0.0,0.0,,,,,,,28.0,30.0,0.9333333333333333,0.3333333333333333,0.0,0.13930348258706468,,,,Critical
1024024,Sunrise Hotel,London,Unspecified,True,True,0.0,1.3043478260869565,0.0,,,0.0,,,,15.0,18.26086956521739,0.8214285714285715,0.0,,0.75,,,,,,,43.0,30.0,1.4333333333333333,0.0,,0.21393034825870647,,,,Watch
1025186,Radisson Blue Hotel,London,Unspecified,True,False,0.0,1.3043478260869565,0.0,,,,,,,10.0,18.26086956521739,0.5476190476190477,1.0,1.0,,,,,,,,10.0,30.0,0.3333333333333333,1.0,1.0,,,,,At Risk
1025203,Jupiter International Hotel,London,Unspecified,True,False,0.0,1.3043478260869565,0.0,,,,,,,15.0,18.26086956521739,0.8214285714285715,1.0,1.0,,,,,,,,15.0,30.0,0.5,1.0,1.0,,,,,Watch
1025235,Intercontinental Hotel,London,Unspecified,True,True,0.0,1.3043478260869565,0.0,,,0.0,,,,5.0,18.26086956521739,0.27380952380952384,0.5,1.0,0.25,,,,,,,15.0,30.0,0.5,0.5,1.0,0.07462686567164178,,,,Critical
1025299,Elilly International Hotel,London,Unspecified,True,False,0.0,1.3043478260869565,0.0,,,,,,,26.0,18.26086956521739,1.4238095238095239,1.0,0.5,,,,,,,,26.0,30.0,0.8666666666666667,1.0,0.5,,,,,On Track
1025334,Top one house,London,Unspecified,True,False,0.0,1.3043478260869565,0.0,,,,,,,24.0,18.26086956521739,1.3142857142857143,1.0,0.5,,,,,,,,44.0,30.0,1.4666666666666666,1.0,0.5,,,,,On Track
1025492,Efoy Pizza,London,Unspecified,True,False,0.0,1.3043478260869565,0.0,,,,,,,0.0,18.26086956521739,0.0,0.5,1.0,,,,,,,,2.0,30.0,0.06666666666666667,0.5,1.0,,,,,Critical
1048012,Top Ten Hotel,London,Unspecified,True,False,0.0,1.3043478260869565,0.0,,,,,,,0.0,18.26086956521739,0.0,0.5,1.0,,,,,,,,0.0,63.0,0.0,0.5,1.0,,,,,Critical
1048859,Holiday hotel,London,Unspecified,True,False,0.0,1.3043478260869565,0.0,,,,,,,16.0,18.26086956521739,0.8761904761904762,0.3333333333333333,0.0,,,,,,,,16.0,30.0,0.5333333333333333,0.3333333333333333,0.0,,,,,Watch
1049412,Ras Amba Hotel,London,Unspecified,True,True,0.0,1.3043478260869565,0.0,,,0.0,,,,0.0,18.26086956521739,0.0,0.0,,0.0,,,,,,,6.0,30.0,0.2,0.0,,0.029850746268656716,,,,Critical
1050773,Meklit liyu kurt,London,Unspecified,True,True,0.0,3.774703557312253,0.0,,,0.0,,,,12.0,52.84584980237154,0.22707554225878834,,0.0,0.6,,,,,,,48.515151515151516,119.81818181818181,0.40490642387455744,,0.0,0.24136891301070407,,,,Critical
1055371,Bellevue Hotel,London,Unspecified,True,False,0.0,1.3043478260869565,0.0,,,,,,,0.0,18.26086956521739,0.0,0.5,1.0,,,,,,,,0.0,63.0,0.0,0.5,1.0,,,,,Critical
1057633,Mera bar & restaurant,London,Unspecified,True,True,0.0,2.726086956521739,0.0,,,0.0,,,,46.0,38.16521739130435,1.2052859421280473,2.0,0.5,2.3,,,,,,,81.0,105.78333333333333,0.7657160863400032,2.0,0.5,0.40298507462686567,,,,On Track
1066138,Kebede  leyu kurt,London,Unspecified,True,False,0.0,3.85,0.0,,,,,,,56.0,53.9,1.038961038961039,2.0,0.5,,,,,,,,111.0,187.55,0.591842175419888,2.0,0.5,,,,,On Track
1066344,meskot,London,Unspecified,True,True,0.0,1.3043478260869565,0.0,,,0.0,,,,2.0,18.26086956521739,0.10952380952380952,0.5,0.0,0.1,,,,,,,2.0,30.0,0.06666666666666667,0.5,0.0,0.009950248756218905,,,,Critical
1127393,Kana bar,London,Unspecified,True,True,0.0,4.376086956521739,0.0,,,0.0,,,,52.0,61.265217391304354,0.8487687176211766,2.0,0.5,2.6,,,,,,,117.0,203.86666666666667,0.5739045127534336,2.0,0.5,0.582089552238806,,,,Watch
1131448,Semur Butchery,London,Unspecified,True,True,0.0,1.3043478260869565,0.0,,,0.0,,,,0.0,18.26086956521739,0.0,,,0.0,,,,,,,0.0,63.0,0.0,,,0.0,,,,Critical
1212855,Mesi Gebeta,London,Unspecified,True,True,0.0,2.5826086956521737,0.0,,,0.0,,,,31.0,36.15652173913043,0.8573833573833575,1.0,0.0,1.55,,,,,,,83.0,59.4,1.3973063973063973,1.0,0.0,0.4129353233830846,,,,Watch
1217404,Semen Hotel,London,Unspecified,True,True,0.0,1.3043478260869565,0.0,,,0.0,,,,5.0,18.26086956521739,0.27380952380952384,0.5,1.0,0.25,,,,,,,21.0,30.0,0.7,0.5,1.0,0.1044776119402985,,,,Critical
1237297,Berlottue Hotel,London,Unspecified,True,False,0.0,1.3043478260869565,0.0,,,,,,,2.0,18.26086956521739,0.10952380952380952,0.0,,,,,,,,,17.0,63.0,0.2698412698412698,0.0,,,,,,Critical
1237298,Aselefech Mergiya Hotel,London,Unspecified,True,False,0.0,1.3043478260869565,0.0,,,,,,,0.0,18.26086956521739,0.0,0.5,1.0,,,,,,,,13.0,63.0,0.20634920634920634,0.5,1.0,,,,,Critical
1562274,Bele Kurt And Kutifo,London,Unspecified,True,False,0.0,1.7217391304347827,0.0,,,,,,,30.0,24.104347826086958,1.2445887445887445,0.5,1.0,,,,,,,,62.0,72.6,0.8539944903581268,0.5,1.0,,,,,On Track
1569222,Karavan Coffee,London,Unspecified,True,False,0.0,1.3043478260869565,0.0,,,,,,,0.0,18.26086956521739,0.0,,,,,,,,,,0.0,30.0,0.0,,,,,,,Critical
1580041,Green Bush Garden,London,Unspecified,True,True,0.0,1.3043478260869565,0.0,,,0.0,,,,13.0,18.26086956521739,0.7119047619047619,0.5,1.0,0.65,,,,,,,23.0,63.0,0.36507936507936506,0.5,1.0,0.11442786069651742,,,,At Risk
1652074,la Mandolin French Restaurant,London,Unspecified,True,False,0.0,1.3043478260869565,0.0,,,,,,,0.0,18.26086956521739,0.0,0.0,,,,,,,,,3.0,30.0,0.1,0.0,,,,,,Critical
1652835,Wegert liyu kurt,London,Unspecified,True,False,0.0,1.3043478260869565,0.0,,,,,,,16.0,18.26086956521739,0.8761904761904762,0.0,,,,,,,,,38.0,63.0,0.6031746031746031,0.0,,,,,,Watch
1685640,Noble House,London,Unspecified,True,False,0.0,1.6978260869565216,0.0,,,,,,,18.0,23.769565217391303,0.7572708981159686,0.5,1.0,,,,,,,,48.0,39.05,1.2291933418693983,0.5,1.0,,,,,Watch
1716706,Sole Kurt And Kitfo,London,Unspecified,True,False,0.0,5.100790513833992,0.0,,,,,,,4.0,71.41106719367589,0.05601372668400952,0.5,1.0,,,,,,,,54.0,158.01818181818183,0.3417328270624784,0.5,1.0,,,,,Critical
1743376,Adu Tg Furnished Apartment,London,Unspecified,True,False,0.0,1.3043478260869565,0.0,,,,,,,8.0,18.26086956521739,0.4380952380952381,,,,,,,,,,18.0,63.0,0.2857142857142857,,,,,,,Critical
1775066,2RN Selemon Hotel&Spa,London,Unspecified,True,False,0.0,1.3043478260869565,0.0,,,,,,,0.0,18.26086956521739,0.0,,,,,,,,,,15.0,63.0,0.23809523809523808,,,,,,,Critical
2026360,fikre kunspagna,London,Unspecified,True,True,0.0,1.3043478260869565,0.0,,,0.0,,,,0.0,18.26086956521739,0.0,0.0,,0.0,,,,,,,0.0,30.0,0.0,0.0,,0.0,,,,Critical
2092084,Akukulu Supermarket,London,Unspecified,True,True,0.0,1.3043478260869565,0.0,,,0.0,,,,8.0,18.26086956521739,0.4380952380952381,,,0.4,,,,,,,14.0,63.0,0.2222222222222222,,,0.06965174129353234,,,,Critical
2273600,Alem Sefa Butchery,London,Unspecified,True,False,0.0,1.3043478260869565,0.0,,,,,,,0.0,18.26086956521739,0.0,,,,,,,,,,0.0,30.0,0.0,,,,,,,Critical
2365391,Harer bar and restaurant,London,Unspecified,True,True,0.0,4.782608695652174,0.0,,,0.0,,,,0.0,66.95652173913044,0.0,,0.0,0.0,,,,,,,145.0,110.0,1.3181818181818181,,0.0,0.7213930348258707,,,,Critical
2568496,Henom lounge,London,Unspecified,True,False,0.0,1.3043478260869565,0.0,,,,,,,0.0,18.26086956521739,0.0,1.0,0.5,,,,,,,,15.0,30.0,0.5,1.0,0.5,,,,,Critical
2888215,Dames leyu kurt,London,Unspecified,True,False,0.0,3.276086956521739,0.0,,,,,,,38.0,45.86521739130435,0.8285145511422883,2.0,0.5,,,,,,,,119.0,108.53333333333333,1.0964373464373465,2.0,0.5,,,,,Watch
2922321,Summit Valley Lounge,London,Unspecified,True,False,0.0,1.3043478260869565,0.0,,,,,,,0.0,18.26086956521739,0.0,,,,,,,,,,0.0,63.0,0.0,,,,,,,Critical
2928190,Debebe Bar and Restaurant,London,Unspecified,True,True,0.0,3.467391304347826,0.0,,,0.0,,,,24.0,48.54347826086957,0.4944021495745633,0.0,,1.2,,,,,,,90.0,79.75,1.128526645768025,0.0,,0.44776119402985076,,,,Critical
2935114,Serke addis liyukurt,London,Unspecified,True,False,0.0,1.3043478260869565,0.0,0.0,,,,,,5.0,18.26086956521739,0.27380952380952384,0.5,1.0,,,,,,,,12.0,63.0,0.19047619047619047,0.5,1.0,,,,,Critical
2882207,Seye Fenkenk Butcher,London,Unspecified,True,False,0.0,2.4391304347826086,0.0,,,,,,,89.87878787878788,34.14782608695653,2.632050065205145,0.0,,,,,,,,,147.66666666666666,56.1,2.632204396910279,0.0,,,,,,On Track
2876726,Andinet kurti & kitfo no2,London,Unspecified,True,True,0.0,3.774703557312253,0.0,0.0,,0.0,,,,37.87878787878788,52.84584980237154,0.7167788581401148,1.0,0.5,1.893939393939394,,,,,,,117.42424242424242,166.9348484848485,0.7034135981193896,1.0,0.5,0.5842002110658827,,,,At Risk
2789123,Thrice Brother's Bar,London,Unspecified,True,False,0.0,4.293478260869565,0.0,,,,,,,31.515151515151516,60.108695652173914,0.5243027015178914,,,,,,,,,,98.12121212121212,131.75,0.7447530331780806,,,,,,,At Risk
2675040,Sitota Kurti And Kitfo,London,Unspecified,True,True,0.0,3.774703557312253,0.0,0.0,,0.0,,,,56.66666666666667,52.84584980237154,1.0723011717776116,1.0,0.5,2.8333333333333335,,,,,,,139.84848484848484,119.81818181818181,1.167172483560951,1.0,0.5,0.6957636062113673,,,,On Track
2030063,Ermiyas bar,London,Unspecified,True,True,0.0,7.869565217391305,0.0,,,0.0,,,,90.60606060606061,110.17391304347827,0.8223912367558777,0.3333333333333333,0.0,4.53030303030303,,,,,,,243.78787878787878,181.0,1.3468943579440817,0.3333333333333333,0.0,1.212875018845168,,,,Watch
2008591,Wendmamachoch Butchery,London,Unspecified,True,False,0.0,7.201449275362319,0.0,,,,,,,87.66666666666667,100.82028985507246,0.869533967742863,0.0,,,,,,,,,167.06060606060606,165.63333333333333,1.00861706214896,0.0,,,,,,Watch
1659603,Birrader bar,London,Unspecified,True,True,0.0,4.718181818181819,0.0,0.0,,0.0,,,,48.09090909090909,66.05454545454546,0.7280484448114506,0.3333333333333333,1.0,2.4045454545454548,,,,,,,157.06060606060606,171.76818181818183,0.9143754355323859,0.3333333333333333,1.0,0.7813960500527665,,,,At Risk
1633255,ze bridge bar,London,Unspecified,True,True,0.0,8.310144927536232,0.0,,,0.0,,,,85.66666666666667,116.34202898550726,0.7363346454731178,0.6666666666666666,0.0,4.283333333333333,,,,,,,261.21212121212125,191.13333333333333,1.3666486983543142,0.6666666666666666,0.0,1.2995627921001056,,,,At Risk
1613091,Haletaw Ha Kurt ena Kitfo,London,Unspecified,True,False,0.0,5.785507246376811,0.0,,,,,,,56.45454545454545,80.99710144927536,0.6969946386279051,,0.0,,,,,,,,166.63636363636363,174.5,0.9549361812972128,,0.0,,,,,At Risk
1593192,Bekiber special kurt ena lounge,London,Unspecified,True,True,0.0,2.7978260869565217,0.0,,,0.0,,,,99.0,39.1695652173913,2.527472527472528,2.0,0.5,4.95,,,,,,,174.0,121.91666666666666,1.4272043745727958,2.0,0.5,0.8656716417910447,,,,On Track
1576119,Haile Grand Hotel,London,Unspecified,True,False,0.0,4.565217391304348,0.0,,,,,,,62.87878787878788,63.913043478260875,0.9838177695320552,1.0,0.5,,,,,,,,123.48484848484848,138.0,0.8948177426438296,1.0,0.5,,,,,On Track
1570898,Fikir Shiromeda Bar &Restaurant,London,Unspecified,True,False,0.0,8.357971014492755,0.0,,,,,,,143.45454545454547,117.01159420289856,1.2259857361296584,0.0,,,,,,,,,233.42424242424244,192.23333333333335,1.214275580497186,0.0,,,,,,On Track
1569322,Sheger Gebeta,London,Unspecified,True,False,0.0,6.967391304347826,0.0,,,,,,,94.24242424242425,97.54347826086958,0.9661581268445543,,0.0,,,,,,,,229.21212121212122,224.23333333333335,1.022203602848764,,0.0,,,,,On Track
1233135,Lemore Bar And Restaurant,London,Unspecified,True,True,0.0,5.867391304347826,0.0,0.0,,0.0,,,,90.0909090909091,82.14347826086956,1.0967506002704226,1.0,0.5,4.504545454545455,,,,,,,221.84848484848484,208.10000000000002,1.0660667220013686,1.0,0.5,1.1037238052163425,,,,On Track
1225868,Zequals kitfo bet,London,Unspecified,True,True,0.0,9.260144927536233,0.0,,,0.0,,,,65.45454545454545,129.64202898550727,0.5048867714177988,2.0,0.5,3.2727272727272725,,,,,,,236.21212121212122,314.0,0.7522679019494306,2.0,0.5,1.1751846826473693,,,,At Risk
1214760,Melala Hotel,London,Unspecified,True,False,0.0,3.8812252964426883,0.0,,,,,,,57.57575757575758,54.33715415019764,1.0596020066970724,0.5,1.0,,,,,,,,147.51515151515153,122.26818181818183,1.2064884692119906,0.5,1.0,,,,,On Track
1200753,Nakerose kitfo,London,Unspecified,True,True,0.0,8.818840579710145,0.0,,,0.0,,,,28.78787878787879,123.46376811594203,0.23316863908482643,2.0,0.5,1.4393939393939394,,,,,,,228.96969696969697,378.2833333333333,0.6052862412733762,2.0,0.5,1.1391527212422734,,,,Critical
1090447,Agape liyukurt,London,Unspecified,True,True,0.0,4.384057971014492,0.0,0.0,,0.0,,,,24.151515151515152,61.3768115942029,0.39349576043790924,1.0,0.5,1.2075757575757575,,,,,,,114.33333333333334,133.83333333333331,0.8542963885429641,1.0,0.5,0.5688225538971808,,,,Critical
1026682,Hilton Addis Ababa Hotel,London,Unspecified,True,True,0.0,5.471014492753624,0.0,,,0.0,,,,49.24242424242424,76.59420289855073,0.6429001462114045,0.5,1.0,2.462121212121212,,,,,,,147.72727272727272,125.83333333333334,1.1739915713425646,0.5,1.0,0.7349615558570782,,,,At Risk
1002113,gaber bar and restaurant,London,Unspecified,True,True,0.0,4.806521739130434,0.0,,,0.0,,,,75.45454545454545,67.29130434782608,1.121311976128801,0.0,,3.7727272727272725,,,,,,,180.06060606060606,110.55,1.62877074681688,0.0,,0.8958239107492839,,,,On Track
1000089,Messob Habesha Bucher,London,Unspecified,True,True,0.0,6.8326086956521745,0.0,,,0.0,,,,74.66666666666667,95.65652173913044,0.7805705801251458,0.3333333333333333,0.0,3.7333333333333334,,,,,,,271.6363636363636,157.15,1.7285164723917508,0.3333333333333333,0.0,1.3514246947082766,,,,Watch
1580270,Nor Addis Kurt,London,Unspecified,True,True,0.0,5.292094861660079,0.0,0.0,,0.0,,,,25.0,74.08932806324111,0.3374305133211698,0.0,,1.25,,,,,,,40.0,121.71818181818182,0.32862797819105233,0.0,,0.19900497512437812,,,,Critical
8078175,Nor shger leyu kurtina,London,Unspecified,True,True,0.0,3.774703557312253,0.0,0.0,,0.0,,,,0.0,52.84584980237154,0.0,0.0,,0.0,,,,,,,0.0,86.81818181818181,0.0,0.0,,0.0,,,,Critical
2417439,kebkab Kurt ena kitfo,London,Unspecified,True,True,0.0,3.9768774703557312,0.0,0.0,,0.0,,,,25.0,55.67628458498024,0.44902421536124265,1.0,0.0,1.25,,,,,,,49.0,91.46818181818182,0.5357054117179347,1.0,0.0,0.24378109452736318,,,,Critical
2716057,hailu butchery,London,Unspecified,True,True,0.0,4.407312252964427,0.0,,,0.0,,,,55.45454545454545,61.70237154150198,0.8987425291626896,2.0,0.5,2.7727272727272725,,,,,,,151.42424242424244,101.36818181818182,1.4938044631780338,2.0,0.5,0.7533544399216041,,,,Watch
2957911,hailu liyu Kurt ena kitfo,London,Unspecified,True,False,0.0,6.105138339920949,0.0,,,,,,,51.0,85.47193675889329,0.5966870757107711,0.5,1.0,,,,,,,,127.0,140.41818181818184,0.9044412792956104,0.5,1.0,,,,,At Risk
1018616,foyate bar and restaurant,London,Unspecified,True,True,0.0,7.218840579710146,0.0,,,0.0,,,,107.45454545454545,101.06376811594205,1.0632350985693686,0.0,,5.372727272727273,,,,,,,252.78787878787878,166.03333333333336,1.5225128214487778,0.0,,1.2576511382481532,,,,On Track
1001564,chibo lounge,London,Unspecified,True,False,0.0,1.3043478260869565,0.0,,,,,,,13.0,18.26086956521739,0.7119047619047619,0.5,0.0,,,,,,,,32.0,30.0,1.0666666666666667,0.5,0.0,,,,,At Risk
1025985,Top bar and restaurant,London,Unspecified,True,False,0.0,4.202898550724638,0.0,,,,,,,19.0,58.84057971014494,0.32290640394088665,0.5,0.0,,,,,,,,44.0,96.66666666666667,0.4551724137931034,0.5,0.0,,,,,Critical
1216716,5kilo bar&restaurant,London,Unspecified,True,True,0.0,6.178260869565219,0.0,,,0.0,,,,81.45454545454545,86.49565217391306,0.9417183801420252,0.5,0.0,4.072727272727272,,,,,,,201.63636363636363,142.10000000000002,1.418975113556394,0.5,0.0,1.003165988240615,,,,On Track
1001326,Addis view Hotel,London,Unspecified,True,True,0.0,0.0,,,,0.0,,,,0.0,0.0,,0.0,,0.0,,,,,,,0.0,33.0,0.0,0.0,,0.0,,,,Critical
1163714,Noah bar&restaurant,London,Unspecified,True,True,0.0,3.774703557312253,0.0,,,0.0,,,,0.0,52.84584980237154,0.0,0.0,,0.0,,,,,,,0.0,86.81818181818181,0.0,0.0,,0.0,,,,Critical
1894823,olive&bread Hotel,London,Unspecified,True,False,0.0,1.3043478260869565,0.0,,,,,,,5.0,18.26086956521739,0.27380952380952384,0.5,0.0,,,,,,,,15.0,30.0,0.5,0.5,0.0,,,,,Critical
2674458,harer bar&restaurant,London,Unspecified,True,True,0.0,3.774703557312253,0.0,,,0.0,,,,0.0,52.84584980237154,0.0,0.0,,0.0,,,,,,,0.0,86.81818181818181,0.0,0.0,,0.0,,,,Critical
2960501,the grand place Hotel,London,Unspecified,True,False,0.0,1.3043478260869565,0.0,,,,,,,0.0,18.26086956521739,0.0,0.5,0.0,,,,,,,,0.0,30.0,0.0,0.5,0.0,,,,,Critical
296038,Table 5,London,Unspecified,True,False,0.0,1.3043478260869565,0.0,,,,,,,0.0,18.26086956521739,0.0,0.0,,,,,,,,,0.0,30.0,0.0,0.0,,,,,,Critical
2739931,Habesha kurt and kitfo,London,Unspecified,True,True,0.0,4.718181818181819,0.0,0.0,,0.0,,,,35.36363636363637,66.05454545454546,0.5353702174511423,0.0,,1.7681818181818183,,,,,,,83.36363636363636,108.51818181818183,0.7681997151713159,0.0,,0.4147444595205789,,,,At Risk
1001998,fike kurt and kitfo,London,Unspecified,True,True,0.0,5.531225296442687,0.0,0.0,,0.0,,,,70.93939393939394,77.43715415019763,0.9160898888639348,0.0,,3.546969696969697,,,,,,,171.24242424242425,127.21818181818182,1.3460530703634892,0.0,,0.851952359415046,,,,On Track
