Outlet ID,Outlet Name,KA Manager,Segment,Is Active,Has Fridge,Last Day Volume Actual,Last Day Volume Target,Last Day Volume Achievement,Last Day Visit Completion,Last Day JP Adherence,Last Day Fridge Productivity,Last Day Execution Actual,Last Day Execution Target,Last Day Execution Achievement,MTD Volume Actual,MTD Volume Target,MTD Volume Achievement,MTD Visit Completion,MTD JP Adherence,MTD Fridge Productivity,MTD Execution Actual,MTD Execution Target,MTD Execution Achievement,MTD Execution Date,MTD Execution Done By,MTD Execution Comment,YTD Volume Actual,YTD Volume Target,YTD Volume Achievement,YTD Visit Completion,YTD JP Adherence,YTD Fridge Productivity,YTD Execution Actual,YTD Execution Target,YTD Execution Achievement,Status
2180441,Atmosphere lounge,Netsanet,Unspecified,True,True,37.87878787878788,3.774703557312253,10.034904013961606,,,37.87878787878788,,,,916.8787878787879,75.49407114624505,12.145043630017454,1.0,1.0,32.745670995671,,,,,,,2225.69696969697,355.58484848484846,6.259257049845326,1.0,1.0,10.649267797593158,,,,On Track
1651657,Oda Bar and Res,Netsanet,Unspecified,True,True,0.0,4.845191040843215,0.0,0.0,,0.0,,,,582.7575757575758,96.9038208168643,6.013772943575798,0.0,,20.812770562770563,,,,,,,1093.8484848484848,278.4560606060606,3.928262442798766,0.25,1.0,5.233724807887487,,,,On Track
2350521,TAO hotal,Netsanet,Unspecified,True,True,0.0,1.3043478260869565,0.0,,,0.0,,,,276.0,26.08695652173913,10.58,1.0,1.0,9.857142857142858,,,,,,,611.0,299.31666666666666,2.041316331644301,1.0,1.0,2.923444976076555,,,,On Track
1207099,Asko level 5 Hotel,Chandra,Unspecified,True,True,10.0,3.774703557312253,2.649214659685864,,,10.0,,,,330.6969696969697,75.49407114624505,4.38043630017452,0.75,0.6666666666666666,11.81060606060606,,,,,,,491.72727272727275,181.96818181818182,2.7022706267329455,0.45454545454545453,0.8,2.35276207046542,,,,On Track
1233883,Kiya Hotel and Resort,Netsanet,Unspecified,True,True,0.0,3.8982213438735176,0.0,0.0,,0.0,,,,296.06060606060606,77.96442687747034,3.7973806506125904,0.0,,10.573593073593074,,,,,,,521.2424242424242,216.1590909090909,2.4113833105526936,0.25,1.0,2.493982891112078,,,,On Track
1002031,Bridge Hotel,Alemayehu,Unspecified,True,True,0.0,6.045355731225296,0.0,,,0.0,,,,213.1818181818182,120.90711462450592,1.7631867143954627,1.0,1.0,7.613636363636364,,,,,,,419.5151515151515,432.1931818181818,0.9706658252920709,0.75,1.0,2.0072495287806293,,,,On Track
1576841,The Venue Warehouse,Alemayehu,Unspecified,True,False,0.0,0.6521739130434783,0.0,,,,,,,163.0,13.043478260869565,12.496666666666668,1.0,1.0,,,,,,,,173.0,15.0,11.533333333333333,1.5,0.6666666666666666,,,,,On Track
1216866,On Time,Alemayehu,Unspecified,True,True,0.0,4.96772068511199,0.0,,,0.0,,,,245.63636363636365,99.3544137022398,2.472324625381249,0.5,1.0,8.772727272727273,,,,,,,484.0,206.29090909090908,2.3462013044244667,0.8,1.0,2.3157894736842106,,,,On Track
1235470,sifen bar and restaurant,London,Unspecified,True,False,0.0,2.1880434782608695,0.0,,,,,,,181.96969696969697,43.76086956521739,4.158274247693026,,0.0,,,,,,,,362.72727272727275,50.325,7.207695434223005,,0.0,,,,,On Track
1593192,Bekiber special kurt ena lounge,London,Unspecified,True,True,0.0,5.543181818181819,0.0,0.0,,0.0,,,,136.0,110.86363636363636,1.2267322673226733,0.75,0.3333333333333333,4.857142857142857,,,,,,,211.0,185.0598484848485,1.1401716889294617,0.75,0.3333333333333333,1.0095693779904307,,,,On Track
1125112,Ethiolink bar no2,Alemayehu,Unspecified,True,False,0.0,9.602898550724637,0.0,,,,,,,274.5454545454545,192.05797101449275,1.4294926323299397,0.5,1.0,,,,,,,,511.5151515151515,344.8,1.4835126204035716,0.25,1.0,,,,,On Track
1055469,betenda kitfo bate,London,Unspecified,True,False,0.0,10.306521739130435,0.0,,,,,,,194.54545454545453,206.1304347826087,0.9437978178750167,,,,,,,,,,415.24242424242425,237.05,1.7517081807315935,,,,,,,On Track
1570898,Fikir Shiromeda Bar &Restaurant,London,Unspecified,True,False,0.0,3.1225296442687744,0.0,,,,,,,177.3939393939394,62.450592885375485,2.8405485232067518,1.0,0.5,,,,,,,,267.3636363636364,71.81818181818181,3.7227848101265826,1.0,0.5,,,,,On Track
1091921,Yohannes Kurt,Alemayehu,Unspecified,True,True,7.575757575757576,3.774703557312253,2.006980802792321,,,7.575757575757576,,,,229.84848484848484,75.49407114624505,3.0445898778359517,0.5,1.0,8.208874458874458,,,,,,,475.0,152.63484848484848,3.112002302980971,0.5,1.0,2.272727272727273,,,,On Track
2848593,Habesha butchery,Alemayehu,Unspecified,True,False,0.0,6.41600790513834,0.0,,,,,,,204.6969696969697,128.32015810276678,1.5952050926638945,0.5,1.0,,,,,,,,329.3030303030303,235.3848484848485,1.3989984165196905,0.4,1.0,,,,,On Track
1005033,yerga Butchery,London,Unspecified,True,True,0.0,5.296739130434783,0.0,,,0.0,,,,133.0,105.93478260869566,1.2554894315616663,1.5,0.6666666666666666,4.75,,,,,,,184.0,121.825,1.5103632259388466,1.5,0.6666666666666666,0.8803827751196173,,,,On Track
2254017,Fekire  kunespagna,Alemayehu,Unspecified,True,True,0.0,3.774703557312253,0.0,,,0.0,,,,183.27272727272728,75.49407114624505,2.427643979057592,1.0,1.0,6.545454545454546,,,,,,,287.6666666666667,130.63484848484848,2.202066829817094,0.8,1.0,1.3763955342902712,,,,On Track
1002659,Tedila Hotel,Chandra,Unspecified,True,True,0.0,1.3043478260869565,0.0,,,0.0,,,,115.0,26.08695652173913,4.408333333333333,0.5,0.5,4.107142857142857,,,,,,,225.0,30.0,7.5,1.0,0.25,1.076555023923445,,,,On Track
1002706,Wegagen Hotel,Chandra,Unspecified,True,True,0.0,1.3043478260869565,0.0,,,0.0,,,,117.0,26.08695652173913,4.485,0.5,1.0,4.178571428571429,,,,,,,219.0,238.81666666666666,0.9170214250820016,0.2,1.0,1.0478468899521531,,,,On Track
2400336,Evana Hotel,Netsanet,Unspecified,True,True,0.0,3.4434782608695653,0.0,0.0,,0.0,,,,115.0,68.86956521739131,1.669823232323232,0.0,,4.107142857142857,,,,,,,205.0,320.28333333333336,0.6400582817297185,0.5,1.0,0.9808612440191388,,,,On Track
1002533,Lemelem Butchery,Chandra,Unspecified,True,True,0.0,4.012747035573122,0.0,,,0.0,,,,173.33333333333334,80.25494071146245,2.159783955937518,,,6.190476190476191,,,,,,,857.4848484848485,150.04318181818184,5.714920452193055,,,4.102798318109323,,,,On Track
1002049,Liya Hotel,Alemayehu,Unspecified,True,True,0.0,3.774703557312253,0.0,,,0.0,,,,184.33333333333334,75.49407114624505,2.441692844677138,1.0,1.0,6.583333333333334,,,,,,,370.6060606060606,86.81818181818181,4.2687609075043635,1.0,1.0,1.7732347397419168,,,,On Track
1216864,Lamirot Bar and Restaurant,Chandra,Unspecified,True,False,0.0,1.076086956521739,0.0,,,,,,,96.0,21.52173913043478,4.460606060606061,,,,,,,,,,185.0,24.75,7.474747474747475,,,,,,,On Track
1118070,Bridge lounge,Chandra,Unspecified,True,True,0.0,1.9728260869565217,0.0,,,0.0,,,,149.0,39.45652173913043,3.776308539944904,0.25,1.0,5.321428571428571,,,,,,,257.0,174.625,1.4717251252684325,0.125,1.0,1.229665071770335,,,,On Track
1001387,Beyene Lida Lounge,Alemayehu,Unspecified,True,False,23.78787878787879,6.824934123847169,3.4854371274824443,,,,,,,207.6969696969697,136.49868247694337,1.5216042083926542,0.5,1.0,,,,,,,,390.1212121212121,248.27348484848486,1.5713365942371713,0.5,1.0,,,,,On Track
1002134,sebton bar&restaurant,London,Unspecified,True,False,0.0,5.782312252964427,0.0,,,,,,,118.0,115.64624505928855,1.0203530597945896,,,,,,,,,,233.0,132.99318181818182,1.7519695131329356,,,,,,,On Track
1214332,Rebka butchery,Alemayehu,Unspecified,True,True,0.0,4.5149209486166,0.0,,,0.0,,,,156.6060606060606,90.29841897233202,1.7343167509283373,1.0,1.0,5.593073593073592,,,,,,,342.3636363636364,239.14318181818183,1.4316261653820932,1.0,0.8,1.6381035232709875,,,,On Track
1566608,Daron Hotel,Chandra,Unspecified,True,False,3.0,3.1225296442687744,0.9607594936708862,,,,,,,140.6060606060606,62.450592885375485,2.2514767932489455,,,,,,,,,,374.2121212121212,152.11818181818182,2.4600091635291537,,,,,,,On Track
1214424,Goro addis butchery,Alemayehu,Unspecified,True,False,0.0,4.639130434782609,0.0,,,,,,,97.0,92.78260869565217,1.0454545454545454,0.0,,,,,,,,,198.0,181.86666666666667,1.0887096774193548,0.25,1.0,,,,,On Track
1057503,Best Western Plus Addis Ababa Hotel,Netsanet,Unspecified,True,True,20.0,8.225197628458499,2.4315525174497528,,,20.0,,,,255.15151515151516,164.50395256916997,1.5510357724944637,1.0,1.0,9.112554112554113,,,,,,,477.8484848484849,345.5628787878788,1.3828119690535645,1.0,0.8333333333333334,2.2863563868348558,,,,On Track
1633255,ze bridge bar,London,Unspecified,True,True,0.0,3.774703557312253,0.0,,,0.0,,,,152.3939393939394,75.49407114624505,2.018621291448517,2.0,0.25,5.442640692640693,,,,,,,327.93939393939394,86.81818181818181,3.7773123909249566,2.0,0.25,1.5690880092793968,,,,On Track
1018616,foyate bar and restaurant,London,Unspecified,True,True,3.787878787878788,4.192094861660079,0.9035765918662393,,,3.787878787878788,,,,142.1818181818182,83.84189723320158,1.695832547614558,3.0,0.0,5.077922077922078,,,,,,,287.5151515151515,96.41818181818182,2.9819598969136965,3.0,0.0,1.375670581412208,,,,On Track
1057642,Befrehot Hotel,Alemayehu,Unspecified,True,False,0.0,6.289130434782609,0.0,,,,,,,112.0,125.78260869565217,0.8904251641894227,1.0,1.0,,,,,,,,231.0,144.65,1.5969581749049429,1.0,1.0,,,,,Watch
1233135,Lemore Bar And Restaurant,London,Unspecified,True,True,0.0,3.774703557312253,0.0,,,0.0,,,,135.8181818181818,75.49407114624505,1.799057591623037,1.6666666666666667,0.4,4.85064935064935,,,,,,,267.57575757575756,159.96818181818182,1.672681120298544,1.6666666666666667,0.4,1.2802667826591272,,,,On Track
1010277,Totot Cultural Restaurant,Alemayehu,Unspecified,True,False,0.0,4.471739130434782,0.0,,,,,,,106.0,89.43478260869564,1.1852211959163832,1.0,1.0,,,,,,,,181.0,170.68333333333334,1.0604433160824138,0.8,1.0,,,,,On Track
1001463,Grand Mark Addis,Alemayehu,Unspecified,True,False,0.0,3.8978260869565218,0.0,,,,,,,85.0,77.95652173913044,1.090351366424986,0.5,1.0,,,,,,,,159.0,157.66666666666669,1.0084566596194502,0.6666666666666666,1.0,,,,,On Track
1215666,Amene butchery,Alemayehu,Unspecified,True,True,0.0,3.774703557312253,0.0,0.0,,0.0,,,,151.1818181818182,75.49407114624505,2.0025654450261783,0.0,,5.39935064935065,,,,,,,224.27272727272728,143.8348484848485,1.559237762164098,0.25,1.0,1.073075250108743,,,,On Track
1202045,Haykoch Lounge,Chandra,Unspecified,True,True,0.0,1.3043478260869565,0.0,,,0.0,,,,135.0,26.08695652173913,5.175000000000001,0.25,1.0,4.821428571428571,,,,,,,272.0,188.03333333333333,1.4465520297819536,0.125,1.0,1.3014354066985645,,,,On Track
1125087,Etiopian Skylight Hotel,Netsanet,Unspecified,True,True,0.0,1.3043478260869565,0.0,,,0.0,,,,120.03030303030303,26.08695652173913,4.601161616161616,1.0,1.0,4.286796536796537,,,,,,,314.06060606060606,154.66666666666666,2.030564263322884,0.8,1.0,1.5026823256488329,,,,On Track
1023776,Sami wendmamach,Netsanet,Unspecified,True,True,0.0,7.719268774703557,0.0,,,0.0,,,,295.3030303030303,154.38537549407113,1.9127655670622172,1.0,1.0,10.546536796536797,,,,,,,632.4848484848485,210.5431818181818,3.004062363943192,1.0,1.0,3.026243294185878,,,,On Track
1024822,China Town Bar and Restaurant,Netsanet,Unspecified,True,False,0.0,7.436956521739131,0.0,,,,,,,89.0,148.73913043478262,0.5983630517392574,1.0,1.0,,,,,,,,168.0,268.95000000000005,0.6246514221974344,1.0,1.0,,,,,At Risk
1000358,Harmony Hotel,Netsanet,Unspecified,True,True,0.0,8.07796442687747,0.0,,,0.0,,,,94.0909090909091,161.5592885375494,0.582392445167525,1.0,1.0,3.3603896103896105,,,,,,,154.1818181818182,253.07651515151514,0.6092300507991056,1.0,0.8333333333333334,0.7377120487168334,,,,At Risk
1065651,Yode Bar and Restaurant,Chandra,Unspecified,True,True,0.0,1.3043478260869565,0.0,,,0.0,,,,76.0,26.08695652173913,2.9133333333333336,,,2.7142857142857144,,,,,,,217.0,220.66666666666666,0.9833836858006043,,,1.0382775119617225,,,,On Track
2882207,Seye Fenkenk Butchery,London,Unspecified,True,False,0.0,3.259486166007905,0.0,,,,,,,132.03030303030303,65.1897233201581,2.0253238747751574,1.0,0.5,,,,,,,,189.8181818181818,74.96818181818182,2.531983265627842,1.0,0.5,,,,,On Track
2336521,Mereb Butchery,Alemayehu,Unspecified,True,True,0.0,7.181225296442688,0.0,,,0.0,,,,122.60606060606061,143.62450592885375,0.8536569703974829,1.0,1.0,4.378787878787879,,,,,,,212.78787878787878,198.1681818181818,1.0737741893555368,0.6,1.0,1.0181238219515731,,,,Watch
1001466,goro Abiza no1,Alemayehu,Unspecified,True,True,14.0,3.9393939393939394,3.5538461538461537,,,14.0,,,,113.0909090909091,78.78787878787878,1.4353846153846155,0.5,0.0,4.038961038961039,,,,,,,274.3333333333333,212.33939393939391,1.291956844388629,1.0,0.5,1.3125996810207337,,,,On Track
1571830,Mark Addis,Alemayehu,Unspecified,True,False,14.0,6.265217391304348,2.234559333795975,,,,,,,101.0,125.30434782608695,0.8060374739764052,1.0,1.0,,,,,,,,231.0,296.45,0.7792207792207793,1.2,0.8333333333333334,,,,,Watch
1127272,Adinew Bar and Res,Netsanet,Unspecified,True,True,0.0,5.3133069828722,0.0,0.0,,0.0,,,,72.0,106.26613965744401,0.6775441380678436,0.0,,2.5714285714285716,,,,,,,171.0,172.98939393939395,0.9884999080342988,0.25,1.0,0.8181818181818182,,,,At Risk
1569322,shger gebta,London,Unspecified,True,False,0.0,3.1225296442687744,0.0,,,,,,,128.1818181818182,62.450592885375485,2.0525316455696205,,0.0,,,,,,,,263.1515151515151,135.80151515151516,1.937765678519229,,0.0,,,,,On Track
1005028,st'maryy butcher,London,Unspecified,True,False,0.0,4.253030303030303,0.0,,,,,,,101.72727272727273,85.06060606060605,1.1959387246170292,,,,,,,,,,148.8181818181818,97.81969696969696,1.5213518997537214,,,,,,,On Track
1066138,Kebede leyu kurt,London,Unspecified,True,False,0.0,1.1956521739130435,0.0,0.0,,,,,,68.0,23.913043478260867,2.8436363636363637,0.75,0.3333333333333333,,,,,,,,123.0,126.5,0.9723320158102767,0.75,0.3333333333333333,,,,,On Track
1001652,Kertina butchery(gerji t,Alemayehu,Unspecified,True,False,0.0,6.213603425559948,0.0,,,,,,,132.75757575757575,124.27206851119897,1.0682816931273025,1.0,0.5,,,,,,,,256.6666666666667,188.5628787878788,1.3611728263620768,1.0,0.5,,,,,On Track
2196866,Yonas chercher buchery no3,Alemayehu,Unspecified,True,True,0.0,3.774703557312253,0.0,,,0.0,,,,165.06060606060606,75.49407114624505,2.186404886561955,1.0,1.0,5.895021645021645,,,,,,,332.1212121212121,158.3181818181818,2.0978084027179635,0.8,1.0,1.5890967087139336,,,,On Track
1003056,Zekir buchery,Alemayehu,Unspecified,True,False,0.0,4.443181818181818,0.0,,,,,,,77.93939393939394,88.86363636363636,0.8770673486786019,0.5,0.0,,,,,,,,181.33333333333334,148.9431818181818,1.2174664937310853,0.75,0.3333333333333333,,,,,Watch
1225952,Yodat Hotel,Netsanet,Unspecified,True,True,0.0,1.3043478260869565,0.0,0.0,,0.0,,,,137.0,26.08695652173913,5.251666666666667,0.0,,4.892857142857143,,,,,,,180.0,289.78333333333336,0.6211537355495484,0.5,1.0,0.861244019138756,,,,On Track
2841712,Yonase chercher,Netsanet,Unspecified,True,True,0.0,3.988833992094862,0.0,,,0.0,,,,232.33333333333334,79.77667984189723,2.9122963476767327,1.0,1.0,8.297619047619047,,,,,,,446.5757575757576,131.15984848484848,3.40482062715516,1.0,0.75,2.136726112802668,,,,On Track
2008591,Wendmamachoch Butchery,London,Unspecified,True,False,0.0,3.3431818181818183,0.0,,,,,,,109.60606060606061,66.86363636363636,1.6392476773170181,0.5,1.0,,,,,,,,189.0,76.89318181818182,2.4579552507906484,0.5,1.0,,,,,On Track
1015124,Golden plus Bar and Resturant,Chandra,Unspecified,True,True,0.0,3.774703557312253,0.0,,,0.0,,,,78.93939393939394,75.49407114624505,1.0456369982547995,0.0,,2.819264069264069,,,,,,,134.51515151515153,165.46818181818182,0.8129366627292623,0.18181818181818182,1.0,0.6436131651442657,,,,On Track
1002844,National Hotel,Chandra,Unspecified,True,True,0.0,1.3043478260869565,0.0,,,0.0,,,,77.0,26.08695652173913,2.9516666666666667,0.5,1.0,2.75,,,,,,,175.0,166.95,1.0482180293501049,0.2,1.0,0.8373205741626795,,,,On Track
1002664,Jambo Bar and Restaurant,Chandra,Unspecified,True,True,0.0,1.3043478260869565,0.0,,,0.0,,,,81.0,26.08695652173913,3.105,0.75,0.6666666666666666,2.892857142857143,,,,,,,163.0,30.0,5.433333333333334,1.0,0.5,0.7799043062200957,,,,On Track
2709078,Hunduman Hotel,Chandra,Unspecified,True,True,0.0,4.096442687747036,0.0,,,0.0,,,,169.06060606060606,81.9288537549407,2.06350508169304,,,6.037878787878788,,,,,,,320.8181818181818,165.71818181818182,1.9359262713259093,,,1.5350152240104393,,,,On Track
2030063,Emiyas bar,London,Unspecified,True,True,0.0,3.774703557312253,0.0,,,0.0,,,,136.6060606060606,75.49407114624505,1.809493891797557,1.0,0.5,4.878787878787878,,,,,,,289.7878787878788,86.81818181818181,3.3378708551483425,1.0,0.5,1.3865448745831521,,,,On Track
1005021,Eagel,Chandra,Unspecified,True,True,0.0,1.3043478260869565,0.0,,,0.0,,,,63.0,26.08695652173913,2.415,,,2.25,,,,,,,147.0,161.63333333333333,0.9094658692513921,,,0.7033492822966507,,,,On Track
1225868,Zequals kitfo bet,London,Unspecified,True,True,0.0,3.774703557312253,0.0,0.0,,0.0,,,,110.60606060606061,75.49407114624505,1.4650959860383947,1.0,0.25,3.9502164502164505,,,,,,,281.3636363636364,187.8348484848485,1.497930967726323,1.0,0.25,1.3462374945628535,,,,On Track
1090267,ASB Hotel Properties Plc,Netsanet,Unspecified,True,False,0.0,1.0043478260869565,0.0,,,,,,,89.0,20.086956521739133,4.43073593073593,0.0,,,,,,,,,237.0,204.96666666666664,1.156285574890226,0.5,1.0,,,,,On Track
2956112,china restsurant,Netsanet,Unspecified,True,False,0.0,3.264130434782609,0.0,,,,,,,81.0,65.28260869565217,1.2407592407592407,0.3333333333333333,1.0,,,,,,,,146.0,75.075,1.9447219447219446,0.5,1.0,,,,,On Track
1057633,Mera bar & restaurant,London,Unspecified,True,True,0.0,4.926086956521739,0.0,0.0,,0.0,,,,61.0,98.52173913043478,0.619152691968226,0.75,0.3333333333333333,2.1785714285714284,,,,,,,96.0,156.38333333333333,0.6138761590109774,0.75,0.3333333333333333,0.45933014354066987,,,,At Risk
2211661,Fikre Kunspagna Imperial,Alemayehu,Unspecified,True,False,0.0,5.278787878787879,0.0,,,,,,,86.3030303030303,105.57575757575758,0.8174512055109069,,,,,,,,,,210.33333333333334,121.41212121212122,1.7323915539360055,,,,,,,Watch
2942456,Yosra Lounge,Netsanet,Unspecified,True,False,0.0,5.153260869565218,0.0,0.0,,,,,,160.0,103.06521739130434,1.552415102299093,0.0,,,,,,,,,248.0,151.525,1.6366936149150304,0.5,1.0,,,,,On Track
1002678,Abyssinya Hotel,Chandra,Unspecified,True,True,0.0,1.3043478260869565,0.0,,,0.0,,,,75.0,26.08695652173913,2.875,0.75,0.6666666666666666,2.6785714285714284,,,,,,,137.0,30.0,4.566666666666666,1.0,0.5,0.6555023923444976,,,,On Track
1193110,Mandela bar,Alemayehu,Unspecified,True,True,0.0,3.774703557312253,0.0,,,0.0,,,,118.96969696969697,75.49407114624505,1.5758813263525309,1.0,0.5,4.248917748917749,,,,,,,215.57575757575756,136.50151515151515,1.5792920491503035,1.25,0.6,1.0314629549079308,,,,On Track
1001640,Beemnet Bar and Restaurant,Alemayehu,Unspecified,True,False,0.0,3.3000000000000003,0.0,,,,,,,59.0,66.0,0.8939393939393939,1.0,1.0,,,,,,,,109.0,147.21666666666667,0.7404052983131438,1.0,1.0,,,,,Watch
1009510,Mera ado hotel,Netsanet,Unspecified,True,True,0.0,5.172529644268775,0.0,0.0,,0.0,,,,107.93939393939394,103.45059288537549,1.0433907716603625,0.0,,3.8549783549783547,,,,,,,153.0909090909091,118.96818181818182,1.2868222977877966,1.0,0.0,0.7324923879947803,,,,On Track
1001385,Betenda Kurt,Alemayehu,Unspecified,True,True,0.0,3.774703557312253,0.0,,,0.0,,,,128.75757575757575,75.49407114624505,1.7055322862129147,1.0,1.0,4.598484848484849,,,,,,,299.6060606060606,195.90151515151516,1.5293708186704822,0.75,1.0,1.4335218210816298,,,,On Track
1000403,Bonanza Addis Hotel,Netsanet,Unspecified,True,False,0.0,0.7054347826086957,0.0,,,,,,,89.0,14.108695652173914,6.308166409861324,1.0,1.0,,,,,,,,137.0,229.075,0.5980574047800938,0.6666666666666666,1.0,,,,,On Track
1027080,Zebasil Lounge,Chandra,Unspecified,True,True,0.0,1.3043478260869565,0.0,,,0.0,,,,61.0,26.08695652173913,2.3383333333333334,,,2.1785714285714284,,,,,,,77.0,99.85,0.771156735102654,,,0.3684210526315789,,,,On Track
1024221,Ghion Hotel,Chandra,Unspecified,True,True,0.0,2.1641304347826087,0.0,,,0.0,,,,55.0,43.28260869565217,1.270718232044199,0.25,1.0,1.9642857142857142,,,,,,,74.0,82.775,0.8939897311990335,0.125,1.0,0.35406698564593303,,,,On Track
1215982,Kertina butchery(korean,Alemayehu,Unspecified,True,True,0.0,3.774703557312253,0.0,,,0.0,,,,108.60606060606061,75.49407114624505,1.4386038394415361,1.5,0.6666666666666666,3.878787878787879,,,,,,,237.36363636363637,144.20151515151514,1.6460550786462549,1.0,0.75,1.1357111787733798,,,,On Track
1214760,Melala Hotel,London,Unspecified,True,False,0.0,5.305204216073781,0.0,,,,,,,65.15151515151516,106.10408432147563,0.6140339984850931,2.0,0.0,,,,,,,,155.0909090909091,155.01969696969695,1.0004593746640214,2.0,0.0,,,,,At Risk
1207997,Damo butchery  (bulbula,Alemayehu,Unspecified,True,False,0.0,1.626086956521739,0.0,,,,,,,54.0,32.52173913043478,1.660427807486631,1.0,1.0,,,,,,,,100.0,70.4,1.4204545454545454,0.75,1.0,,,,,On Track
1000507,Friendship Hotel,Netsanet,Unspecified,True,False,0.0,0.7771739130434783,0.0,,,,,,,54.0,15.543478260869565,3.4741258741258743,1.0,1.0,,,,,,,,66.0,51.791666666666664,1.2743362831858407,1.0,1.0,,,,,On Track
1010501,Feke Kunspagna,Alemayehu,Unspecified,True,False,0.0,3.7695652173913046,0.0,,,,,,,119.54545454545455,75.3913043478261,1.5856663521023382,1.0,1.0,,,,,,,,214.15151515151516,119.7,1.7890686311738944,1.0,1.0,,,,,On Track
1858638,Erasu Bahiru Deka Butchery,Alemayehu,Unspecified,True,True,3.787878787878788,6.477042160737814,0.5848161388912902,,,3.787878787878788,,,,111.96969696969697,129.54084321475628,0.864358253281327,1.0,1.0,3.9989177489177488,,,,,,,271.3636363636364,148.97196969696972,1.8215751387031318,1.0,1.0,1.2983906046107003,,,,Watch
1127393,Kana bar,London,Unspecified,True,True,0.0,4.966567852437418,0.0,0.0,,0.0,,,,87.0,99.33135704874836,0.8758563517591272,1.0,0.25,3.107142857142857,,,,,,,152.0,217.4477272727273,0.6990185729067592,1.0,0.25,0.7272727272727273,,,,Watch
2957911,hailu liyu Kurt ena kitfo,London,Unspecified,True,False,0.0,4.0007905138339925,0.0,,,,,,,51.0,80.01581027667984,0.6373740367516301,1.0,0.0,,,,,,,,127.0,92.01818181818183,1.38016202331555,1.0,0.0,,,,,At Risk
1039556,Mintesinot Butchery,Alemayehu,Unspecified,True,False,0.0,3.622826086956522,0.0,,,,,,,60.0,72.45652173913044,0.828082808280828,,0.0,,,,,,,,142.0,83.325,1.704170417041704,,0.0,,,,,Watch
1216716,5kilo bar&restaurant,London,Unspecified,True,True,0.0,5.626877470355731,0.0,,,0.0,,,,116.60606060606061,112.53754940711461,1.0361524772876278,,0.0,4.1645021645021645,,,,,,,236.7878787878788,129.4181818181818,1.829633792263745,,0.0,1.1329563578367408,,,,On Track
2934800,Kuriftu Resort,Netsanet,Unspecified,True,False,0.0,6.564130434782609,0.0,0.0,,,,,,50.0,131.28260869565216,0.38085775790693827,0.0,,,,,,,,,65.0,183.975,0.3533088734882457,0.25,1.0,,,,,Critical
1048221,Fikere Kunespagna lebu,Chandra,Unspecified,True,True,0.0,3.774703557312253,0.0,,,0.0,,,,166.06060606060606,75.49407114624505,2.199650959860384,0.0,,5.93073593073593,,,,,,,320.45454545454544,181.4181818181818,1.7663860493084786,0.0,,1.5332753371030883,,,,On Track
1013578,Fkire kunspagna no 2,Alemayehu,Unspecified,True,False,0.0,2.5945652173913043,0.0,0.0,,,,,,105.18181818181819,51.891304347826086,2.0269642381079334,0.0,,,,,,,,,205.6969696969697,114.125,1.8023830860632613,0.0,,,,,,On Track
1002658,Yilma Hotel,Chandra,Unspecified,True,True,0.0,1.3043478260869565,0.0,0.0,,0.0,,,,60.0,26.08695652173913,2.3000000000000003,0.375,0.6666666666666666,2.142857142857143,,,,,,,112.0,113.23333333333332,0.9891080365027967,0.375,0.6666666666666666,0.5358851674641149,,,,On Track
1000089,Messob Habesha Bucher,London,Unspecified,True,True,0.0,8.578293807641634,0.0,,,0.0,,,,182.96969696969697,171.5658761528327,1.0664690500965683,1.5,0.3333333333333333,6.534632034632034,,,,,,,379.93939393939394,197.3007575757576,1.925686442402577,1.5,0.3333333333333333,1.817891837030593,,,,On Track
2905492,Fikire kunspagna,Alemayehu,Unspecified,True,False,0.0,5.0888339920948615,0.0,0.0,,,,,,111.66666666666667,101.77667984189723,1.097173407897888,0.0,,,,,,,,,242.1818181818182,117.04318181818182,2.069166391580419,0.5,0.0,,,,,On Track
2608618,lexury winner  fiyel bet,Alemayehu,Unspecified,True,False,0.0,3.276086956521739,0.0,,,,,,,64.0,65.52173913043478,0.9767750497677505,1.0,1.0,,,,,,,,122.0,136.21666666666667,0.8956319588890248,0.8,0.75,,,,,On Track
1000112,Zegelila Restaurant,Alemayehu,Unspecified,True,True,0.0,3.774703557312253,0.0,,,0.0,,,,97.39393939393939,75.49407114624505,1.2900872600349043,1.0,1.0,3.4783549783549783,,,,,,,200.5757575757576,128.25151515151515,1.5639250525718877,1.0,1.0,0.9596926199797013,,,,On Track
2837203,Zegeye kurt bet,Alemayehu,Unspecified,True,False,0.0,3.132608695652174,0.0,,,,,,,55.0,62.65217391304348,0.8778625954198473,1.0,1.0,,,,,,,,113.0,124.66666666666666,0.9064171122994653,0.8,1.0,,,,,Watch
1574246,One View Bar and Restaurant,Chandra,Unspecified,True,True,0.0,3.774703557312253,0.0,,,0.0,,,,66.57575757575758,75.49407114624505,0.881867364746946,0.75,0.6666666666666666,2.3777056277056277,,,,,,,159.87878787878788,173.5348484848485,0.9213065230108352,0.45454545454545453,0.8,0.7649702769319994,,,,Watch
1002749,Arefayni House,Chandra,Unspecified,True,True,0.0,1.3043478260869565,0.0,0.0,,0.0,,,,54.0,26.08695652173913,2.0700000000000003,0.25,0.5,1.9285714285714286,,,,,,,87.0,69.96666666666667,1.2434492615531205,0.25,0.5,0.41626794258373206,,,,On Track
1000052,Ananiya Hotel,Alemayehu,Unspecified,True,False,0.0,3.8021739130434784,0.0,,,,,,,68.0,76.04347826086956,0.8942252715837622,1.0,1.0,,,,,,,,126.0,87.45,1.4408233276157805,1.0,1.0,,,,,Watch
1000019,Shebel Addis,Alemayehu,Unspecified,True,False,0.0,3.7975296442687747,0.0,,,,,,,79.03030303030303,75.9505928853755,1.0405488624634627,1.5,0.6666666666666666,,,,,,,,164.42424242424244,120.34318181818182,1.3662946245900298,1.0,0.75,,,,,On Track
1591828,lidu hotel,Netsanet,Unspecified,True,True,0.0,1.3043478260869565,0.0,,,0.0,,,,55.0,26.08695652173913,2.1083333333333334,0.5,1.0,1.9642857142857142,,,,,,,94.0,94.35,0.996290408055114,0.8,1.0,0.44976076555023925,,,,On Track
1580270,nor Addis Kurt,London,Unspecified,True,True,0.0,3.774703557312253,0.0,,,0.0,,,,55.0,75.49407114624505,0.7285340314136127,0.3333333333333333,1.0,1.9642857142857142,,,,,,,70.0,86.81818181818181,0.8062827225130891,0.3333333333333333,1.0,0.3349282296650718,,,,At Risk
1575604,Winer  fiyel,Alemayehu,Unspecified,True,False,0.0,2.881521739130435,0.0,,,,,,,60.0,57.6304347826087,1.0411165597887588,1.0,1.0,,,,,,,,90.0,129.15833333333336,0.6968191496225562,1.0,0.75,,,,,On Track
1067597,Mira Feyel kurt,Chandra,Unspecified,True,True,0.0,1.3043478260869565,0.0,,,0.0,,,,45.0,26.08695652173913,1.725,0.25,1.0,1.6071428571428572,,,,,,,87.0,84.26666666666667,1.0324367088607596,0.125,1.0,0.41626794258373206,,,,On Track
1001901,St.Gorge House,Chandra,Unspecified,True,True,0.0,1.3043478260869565,0.0,,,0.0,,,,65.0,26.08695652173913,2.4916666666666667,0.5,1.0,2.3214285714285716,,,,,,,112.0,79.86666666666666,1.4023372287145244,0.2,1.0,0.5358851674641149,,,,On Track
2957288,Cheru Medanialem,Netsanet,Unspecified,True,True,0.0,3.7065217391304346,0.0,,,0.0,,,,44.0,74.13043478260869,0.5935483870967743,0.5,1.0,1.5714285714285714,,,,,,,70.0,85.25,0.8211143695014663,1.6666666666666667,0.4,0.3349282296650718,,,,At Risk
2845807,She Semaneya,Alemayehu,Unspecified,True,False,0.0,1.2076086956521739,0.0,,,,,,,49.0,24.152173913043477,2.028802880288029,1.0,1.0,,,,,,,,83.0,60.775,1.3656931303990127,0.8,1.0,,,,,On Track
1212855,Mesl Gebeta,London,Unspecified,True,True,0.0,1.3043478260869565,0.0,,,0.0,,,,56.0,26.08695652173913,2.146666666666667,4.0,0.0,2.0,,,,,,,108.0,30.0,3.6,4.0,0.0,0.5167464114832536,,,,On Track
1133405,Sawi,Netsanet,Unspecified,True,True,0.0,9.299835309617919,0.0,0.0,,0.0,,,,59.0,185.99670619235837,0.3172099184325448,0.0,,2.107142857142857,,,,,,,79.0,347.54621212121214,0.22730790106395268,0.5,1.0,0.37799043062200954,,,,Critical
1009339,Markon Hotel,Netsanet,Unspecified,True,False,0.0,3.204874835309618,0.0,0.0,,,,,,77.51515151515152,64.09749670619236,1.2093319630010277,0.0,,,,,,,,,127.81818181818181,138.79545454545456,0.9209104306533484,0.5,1.0,,,,,On Track
1002026,Hintsa Hotel,Alemayehu,Unspecified,True,False,0.0,3.108695652173913,0.0,,,,,,,49.0,62.17391304347826,0.7881118881118881,1.0,1.0,,,,,,,,143.0,71.5,2.0,1.0,1.0,,,,,Watch
1006646,Adea Hotel,Chandra,Unspecified,True,True,0.0,1.3043478260869565,0.0,,,0.0,,,,51.0,26.08695652173913,1.955,,,1.8214285714285714,,,,,,,126.0,108.1,1.1655874190564293,,,0.6028708133971292,,,,On Track
2928190,Debebe Bar and Restaurant,London,Unspecified,True,True,0.0,2.5228260869565218,0.0,,,0.0,,,,53.0,50.45652173913043,1.050409306333477,0.5,1.0,1.8928571428571428,,,,,,,119.0,58.025,2.050840155105558,0.5,1.0,0.569377990430622,,,,On Track
1200753,Naketose kitfo,London,Unspecified,True,True,0.0,4.323616600790514,0.0,0.0,,0.0,,,,73.36363636363636,86.47233201581027,0.848405896468975,0.75,0.3333333333333333,2.62012987012987,,,,,,,273.54545454545456,274.8931818181818,0.9950972691872051,0.75,0.3333333333333333,1.3088299260548064,,,,Watch
1130916,Union by Lucy,Netsanet,Unspecified,True,False,9.0,2.5467391304347826,3.5339308578745197,,,,,,,52.0,50.934782608695656,1.0209133589415278,0.3333333333333333,1.0,,,,,,,,72.0,94.875,0.758893280632411,0.6,0.6666666666666666,,,,,On Track
1004020,Kategna Bar and Restaurant,Netsanet,Unspecified,True,False,0.0,0.6521739130434783,0.0,,,,,,,42.0,13.043478260869565,3.22,1.0,1.0,,,,,,,,65.0,53.13333333333334,1.2233375156838142,1.0,0.75,,,,,On Track
2888215,Dames leyu kurt,London,Unspecified,True,False,0.0,2.092391304347826,0.0,0.0,,,,,,42.0,41.84782608695652,1.0036363636363637,0.75,0.3333333333333333,,,,,,,,123.0,81.30833333333334,1.5127600696935533,0.75,0.3333333333333333,,,,,On Track
1863003,Belema Risort,Netsanet,Unspecified,True,False,0.0,3.7018774703557313,0.0,0.0,,,,,,107.75757575757576,74.03754940711462,1.4554449278844015,0.0,,,,,,,,,151.4848484848485,118.14318181818182,1.2822140571597127,0.2,1.0,,,,,On Track
1560742,Read Sea Club,Alemayehu,Unspecified,True,False,0.0,1.375,0.0,,,,,,,40.0,27.5,1.4545454545454546,1.0,1.0,,,,,,,,70.0,64.625,1.0831721470019342,1.0,1.0,,,,,On Track
1235717,Monarch Hotel,Chandra,Unspecified,True,False,0.0,0.6815217391304348,0.0,,,,,,,40.0,13.630434782608695,2.934609250398724,0.5,0.5,,,,,,,,50.0,48.675,1.0272213662044172,0.36363636363636365,0.75,,,,,On Track
1210611,Yod jame hotel,Alemayehu,Unspecified,True,False,0.0,3.957608695652174,0.0,,,,,,,40.0,79.15217391304348,0.5053556715188134,1.0,1.0,,,,,,,,139.0,196.25833333333333,0.7082501804594284,0.75,1.0,,,,,At Risk
1091718,Green Bar and restaurant,Alemayehu,Unspecified,True,False,0.0,2.7021739130434783,0.0,,,,,,,40.0,54.04347826086956,0.7401448109412712,0.5,1.0,,,,,,,,80.0,128.51666666666668,0.6224873557255868,0.8,1.0,,,,,At Risk
2387988,Sheger Kurt,Alemayehu,Unspecified,True,True,0.0,3.774703557312253,0.0,0.0,,0.0,,,,88.60606060606061,75.49407114624505,1.1736823734729496,0.25,1.0,3.1645021645021645,,,,,,,227.0,119.81818181818181,1.89453717754173,0.3333333333333333,1.0,1.0861244019138756,,,,On Track
1004409,Megersa Batu,Netsanet,Unspecified,True,True,0.0,1.3043478260869565,0.0,0.0,,0.0,,,,42.0,26.08695652173913,1.61,0.0,,1.5,,,,,,,74.0,124.78333333333333,0.5930279150527581,0.25,1.0,0.35406698564593303,,,,On Track
1002364,Mamush Kunspagna,Chandra,Unspecified,True,True,0.0,1.3043478260869565,0.0,,,0.0,,,,43.0,26.08695652173913,1.6483333333333334,,,1.5357142857142858,,,,,,,87.0,63.0,1.380952380952381,,,0.41626794258373206,,,,On Track
2675040,Sitota Kurti And Kitfo,London,Unspecified,True,True,3.787878787878788,3.774703557312253,1.0034904013961605,,,3.787878787878788,,,,92.60606060606061,75.49407114624505,1.2266666666666668,1.6666666666666667,0.4,3.3073593073593073,,,,,,,175.78787878787878,119.81818181818181,1.4671219018715225,1.6666666666666667,0.4,0.8410903291286066,,,,On Track
1011696,Panaroma Hotel,Alemayehu,Unspecified,True,False,0.0,0.6521739130434783,0.0,,,,,,,38.0,13.043478260869565,2.9133333333333336,0.0,,,,,,,,,44.0,48.0,0.9166666666666666,0.5,1.0,,,,,On Track
1008852,Joni Hotel,Chandra,Unspecified,True,True,20.0,3.774703557312253,5.298429319371728,,,20.0,,,,103.45454545454545,75.49407114624505,1.370366492146597,0.75,0.6666666666666666,3.6948051948051948,,,,,,,173.12121212121212,229.08484848484846,0.7557078229582794,0.45454545454545453,0.8,0.8283311584746992,,,,On Track
1002033,Snoze Hotel,Alemayehu,Unspecified,True,False,0.0,5.292094861660079,0.0,,,,,,,90.3939393939394,105.84189723320158,0.8540468543829514,1.0,1.0,,,,,,,,133.1818181818182,121.71818181818182,1.0941817910224811,1.0,1.0,,,,,Watch
1063353,L and Z China  Hotel,Alemayehu,Unspecified,True,False,0.0,1.5065217391304346,0.0,,,,,,,46.0,30.130434782608695,1.5266955266955267,,,,,,,,,,83.0,67.65,1.2269031781226902,0.0,,,,,,On Track
2876389,Gihon Abisinya Butchery,Chandra,Unspecified,True,True,0.0,1.3043478260869565,0.0,,,0.0,,,,37.0,26.08695652173913,1.4183333333333334,,,1.3214285714285714,,,,,,,88.0,63.0,1.3968253968253967,,,0.42105263157894735,,,,On Track
1003432,Zemen Lounge,Chandra,Unspecified,True,True,0.0,3.1445652173913046,0.0,,,0.0,,,,69.0,62.891304347826086,1.0971310058762531,0.25,1.0,2.4642857142857144,,,,,,,134.0,166.19166666666666,0.806297949155092,0.125,1.0,0.6411483253588517,,,,On Track
2957199,Gashaw Special Kurt,Alemayehu,Unspecified,True,False,0.0,0.7891304347826086,0.0,,,,,,,36.0,15.782608695652172,2.2809917355371905,,,,,,,,,,77.0,18.15,4.242424242424243,,,,,,,On Track
1003549,Addis Ababa Golf club,Chandra,Unspecified,True,True,0.0,1.3043478260869565,0.0,,,0.0,,,,36.0,26.08695652173913,1.3800000000000001,,0.0,1.2857142857142858,,,,,,,72.0,63.0,1.1428571428571428,0.4,0.5,0.3444976076555024,,,,On Track
1017820,Bisrat Hotel,Chandra,Unspecified,True,True,0.0,4.706225296442688,0.0,,,0.0,,,,36.0,94.12450592885376,0.38247212715476514,,,1.2857142857142858,,,,,,,88.0,141.24318181818182,0.6230389238418588,,,0.42105263157894735,,,,Critical
2948842,Corner  Lounge,Netsanet,Unspecified,True,True,7.575757575757576,3.774703557312253,2.006980802792321,,,7.575757575757576,,,,81.81818181818181,75.49407114624505,1.0837696335078535,1.5,0.6666666666666666,2.922077922077922,,,,,,,166.21212121212122,119.81818181818181,1.3872028325746082,1.25,0.6,0.7952733072350298,,,,On Track
1659603,Birander bar,London,Unspecified,True,True,0.0,3.774703557312253,0.0,0.0,,0.0,,,,77.03030303030303,75.49407114624505,1.0203490401396162,0.75,0.0,2.7510822510822512,,,,,,,186.0,150.0681818181818,1.23943661971831,0.75,0.0,0.8899521531100478,,,,On Track
1576119,Halle Grand Hotel,London,Unspecified,True,False,0.0,7.903722002635046,0.0,,,,,,,101.39393939393939,158.0744400527009,0.6414315898265106,2.0,0.0,,,,,,,,162.0,214.78560606060606,0.7542404864611293,2.0,0.0,,,,,At Risk
1005314,Yod Abyssinia cultural Ambassador,Alemayehu,Unspecified,True,False,0.0,2.5706521739130435,0.0,,,,,,,46.0,51.41304347826087,0.8947145877378436,0.0,,,,,,,,,87.0,140.34166666666667,0.619915681966629,0.5,1.0,,,,,Watch
2956291,Tang da hotel,Netsanet,Unspecified,True,False,0.0,5.057608695652174,0.0,,,,,,,35.0,101.15217391304348,0.34601332473672897,1.0,1.0,,,,,,,,80.0,149.325,0.535744182153022,1.0,0.8,,,,,Critical
2123024,Hop Lounge,Alemayehu,Unspecified,True,False,0.0,3.7304347826086954,0.0,,,,,,,47.0,74.6086956521739,0.62995337995338,1.0,1.0,,,,,,,,88.0,152.53333333333333,0.576923076923077,0.8,1.0,,,,,At Risk
1613091,Haletaw Ha Kurt ena Kitfo,London,Unspecified,True,False,9.0,3.1225296442687744,2.8822784810126585,,0.0,,,,,94.39393939393939,62.450592885375485,1.5114978902953589,0.6666666666666666,0.0,,,,,,,,204.5757575757576,113.25151515151515,1.8063842881224415,0.6666666666666666,0.0,,,,,On Track
1011638,Sidra Hotel,Alemayehu,Unspecified,True,False,0.0,1.0402173913043478,0.0,,,,,,,35.0,20.804347826086957,1.6823406478578893,1.0,1.0,,,,,,,,70.0,56.925,1.2296881862099254,1.0,1.0,,,,,On Track
1009239,Checheho Yebahil Migb Adarash,Alemayehu,Unspecified,True,False,0.0,0.7054347826086957,0.0,,,,,,,35.0,14.108695652173914,2.480739599383667,1.0,1.0,,,,,,,,65.0,49.225,1.3204672422549517,1.0,1.0,,,,,On Track
1000814,2000 Habesha Cultural House,Netsanet,Unspecified,True,True,11.0,1.3043478260869565,8.433333333333334,,,11.0,,,,45.0,26.08695652173913,1.725,0.6666666666666666,0.5,1.6071428571428572,,,,,,,68.0,63.18333333333334,1.0762331838565022,0.8,0.75,0.3253588516746411,,,,On Track
1123630,Methara Night Club,Chandra,Unspecified,True,True,0.0,1.3043478260869565,0.0,,,0.0,,,,35.0,26.08695652173913,1.3416666666666668,,,1.25,,,,,,,99.0,91.6,1.0807860262008735,,,0.47368421052631576,,,,On Track
2953966,Worka Buna,Alemayehu,Unspecified,True,False,0.0,0.6521739130434783,0.0,0.0,,,,,,33.0,13.043478260869565,2.5300000000000002,0.0,,,,,,,,,54.0,48.0,1.125,0.75,0.6666666666666666,,,,,On Track
1046424,Sun City  Supermarket,Netsanet,Unspecified,True,True,25.0,3.8978260869565218,6.413831567205801,,,25.0,,,,58.0,77.95652173913044,0.7440044617958728,0.0,,2.0714285714285716,,,,,,,109.0,122.65,0.8887077048512025,0.6666666666666666,1.0,0.5215311004784688,,,,At Risk
1001801,Quara Hotel,Alemayehu,Unspecified,True,False,6.0,1.4467391304347825,4.147257700976709,,,,,,,39.0,28.93478260869565,1.3478587528174306,1.0,1.0,,,,,,,,85.0,33.275,2.5544703230653645,1.5,0.6666666666666666,,,,,On Track
2808896,Central butchery,Alemayehu,Unspecified,True,True,0.0,3.774703557312253,0.0,,,0.0,,,,65.45454545454545,75.49407114624505,0.8670157068062828,1.0,1.0,2.3376623376623376,,,,,,,130.9090909090909,119.81818181818181,1.0925644916540214,0.8,1.0,0.626359286646368,,,,Watch
1226132,Fikre Kunsepagna Sar bet,Chandra,Unspecified,True,False,0.0,0.6521739130434783,0.0,0.0,,,,,,62.0,13.043478260869565,4.753333333333334,0.25,1.0,,,,,,,,164.0,91.81666666666666,1.78616808858232,0.75,0.3333333333333333,,,,,On Track
1025299,Elilly International Hotel,London,Unspecified,True,False,0.0,1.7217391304347827,0.0,,,,,,,32.0,34.434782608695656,0.9292929292929292,1.0,0.5,,,,,,,,32.0,39.6,0.8080808080808081,1.0,0.5,,,,,On Track
1024290,Ethiopia Hotel,Chandra,Unspecified,True,True,0.0,1.3043478260869565,0.0,,,0.0,,,,32.0,26.08695652173913,1.2266666666666668,0.5,1.0,1.1428571428571428,,,,,,,39.0,63.0,0.6190476190476191,0.375,1.0,0.18660287081339713,,,,On Track
1579550,bricks lounge,Alemayehu,Unspecified,True,False,0.0,2.0206521739130436,0.0,,,,,,,37.0,40.41304347826087,0.9155459924690694,1.0,1.0,,,,,,,,77.0,90.65833333333333,0.8493427704752275,0.8,1.0,,,,,On Track
1000770,Ramada Hotel,Netsanet,Unspecified,True,False,0.0,0.6521739130434783,0.0,,,,,,,31.0,13.043478260869565,2.376666666666667,0.6666666666666666,0.5,,,,,,,,47.0,78.98333333333335,0.5950622494197086,0.6666666666666666,0.5,,,,,On Track
1562274,Bele Kurt And Kutifo,London,Unspecified,True,False,0.0,2.5945652173913043,0.0,,,,,,,35.0,51.891304347826086,0.6744868035190617,1.0,0.0,,,,,,,,67.0,92.675,0.722956568653898,1.0,0.0,,,,,At Risk
1048516,Samra hotel,Netsanet,Unspecified,True,False,0.0,2.0206521739130436,0.0,,,,,,,30.0,40.41304347826087,0.7423345884884347,1.0,1.0,,,,,,,,59.0,82.04166666666666,0.7191467750126969,1.0,1.0,,,,,At Risk
1024486,Kebe Butchery (bole),Netsanet,Unspecified,True,True,0.0,4.239920948616601,0.0,,,0.0,,,,56.66666666666667,84.79841897233203,0.6682514527205493,0.0,,2.023809523809524,,,,,,,123.27272727272728,130.51818181818183,0.9444870098209932,0.6,1.0,0.5898216615919966,,,,At Risk
1024439,Ras Hotel,Chandra,Unspecified,True,True,0.0,1.3043478260869565,0.0,,,0.0,,,,30.0,26.08695652173913,1.1500000000000001,0.5,1.0,1.0714285714285714,,,,,,,61.0,30.0,2.033333333333333,0.75,0.6666666666666666,0.291866028708134,,,,On Track
1003655,Nexus Hotel,Alemayehu,Unspecified,True,False,0.0,1.0282608695652173,0.0,,,,,,,30.0,20.565217391304348,1.4587737843551798,1.0,1.0,,,,,,,,45.0,56.65,0.794351279788173,1.0,1.0,,,,,On Track
2267797,Beyene leda,Alemayehu,Unspecified,True,True,0.0,3.774703557312253,0.0,,,0.0,,,,60.151515151515156,75.49407114624505,0.7967713787085516,0.5,1.0,2.1482683982683985,,,,,,,109.0909090909091,86.81818181818181,1.2565445026178013,0.75,0.6666666666666666,0.5219660722053067,,,,Watch
2048809,abem Hotel,Chandra,Unspecified,True,True,0.0,1.3043478260869565,0.0,,,0.0,,,,28.0,26.08695652173913,1.0733333333333335,0.5,1.0,1.0,,,,,,,128.0,159.98333333333332,0.8000833420147933,0.36363636363636365,1.0,0.6124401913875598,,,,On Track
1090447,Agape liyukurt,London,Unspecified,True,True,0.0,8.404446640316205,0.0,,,0.0,,,,79.60606060606061,168.08893280632412,0.473594895731681,1.6666666666666667,0.4,2.8430735930735933,,,,,,,169.78787878787878,226.30227272727274,0.7502703209370679,1.6666666666666667,0.4,0.8123821951573147,,,,Critical
1046406,Venetian Hotel,Netsanet,Unspecified,True,True,0.0,1.6619565217391306,0.0,,,0.0,,,,28.0,33.23913043478261,0.842380640941792,0.0,,1.0,,,,,,,34.0,71.225,0.4773604773604774,0.5,1.0,0.16267942583732056,,,,Watch
2784511,Zito Lounge,Chandra,Unspecified,True,True,0.0,1.3043478260869565,0.0,,,0.0,,,,35.0,26.08695652173913,1.3416666666666668,,,1.25,,,,,,,91.0,81.51666666666665,1.116336127581272,,,0.4354066985645933,,,,On Track
1575040,Jamson Hotel,Chandra,Unspecified,True,True,0.0,4.0007905138339925,0.0,,,0.0,,,,87.18181818181819,80.01581027667984,1.089557399723375,,,3.1136363636363638,,,,,,,182.5757575757576,125.01818181818183,1.4603936397130115,,,0.8735682180658259,,,,On Track
2868756,Juventus club,Netsanet,Unspecified,True,False,0.0,7.8388339920948615,0.0,,,,,,,60.45454545454545,156.77667984189722,0.38560929798686483,0.3333333333333333,1.0,,,,,,,,143.63636363636365,213.2931818181818,0.6734221994906713,0.6666666666666666,0.75,,,,,Critical
1211178,Shan Tou Special chinesee,Netsanet,Unspecified,True,False,0.0,3.539130434782609,0.0,,,,,,,34.0,70.78260869565217,0.48034398034398035,1.0,1.0,,,,,,,,64.0,114.4,0.5594405594405594,1.0,1.0,,,,,Critical
1051669,Ker Yihun Nught Club,Alemayehu,Unspecified,True,False,0.0,2.989130434782609,0.0,,,,,,,39.0,59.78260869565217,0.6523636363636364,1.0,1.0,,,,,,,,94.0,68.75,1.3672727272727272,1.0,1.0,,,,,At Risk
1048146,Shi jia zhuang restaurant,Netsanet,Unspecified,True,False,0.0,1.1119565217391305,0.0,,,,,,,27.0,22.239130434782606,1.214076246334311,1.0,1.0,,,,,,,,71.0,64.99166666666667,1.0924477497115013,1.0,1.0,,,,,On Track
1025203,Jupiter International Hotel,London,Unspecified,True,False,0.0,4.113043478260869,0.0,,,,,,,27.0,82.26086956521739,0.32822410147991543,1.0,0.5,,,,,,,,27.0,94.6,0.2854122621564482,1.0,0.5,,,,,Critical
1203914,Electro Commercial,Chandra,Unspecified,True,False,0.0,4.323616600790514,0.0,,,,,,,75.39393939393939,86.47233201581027,0.8718851178912886,,,,,,,,,,187.57575757575756,132.4431818181818,1.4162734162734163,,,,,,,Watch
2507792,Tages Butchery(megenagna),Alemayehu,Unspecified,True,False,0.0,0.6521739130434783,0.0,,,,,,,29.0,13.043478260869565,2.2233333333333336,0.0,,,,,,,,,61.0,15.0,4.066666666666666,0.0,,,,,,On Track
2003128,wecare special kurt,Alemayehu,Unspecified,True,False,0.0,2.259782608695652,0.0,,,,,,,29.0,45.19565217391305,0.6416546416546416,1.0,1.0,,,,,,,,59.0,97.25833333333334,0.6066318224659412,0.8,1.0,,,,,At Risk
1025261,Bambis supermarket,Alemayehu,Unspecified,True,False,0.0,2.4391304347826086,0.0,,,,,,,26.0,48.78260869565217,0.5329768270944741,0.0,,,,,,,,,98.0,123.93333333333334,0.7907477138246368,0.5,1.0,,,,,At Risk
1006224,Soramba Hotel,London,Unspecified,True,True,0.0,3.1565217391304343,0.0,,,0.0,,,,41.0,63.13043478260869,0.6494490358126722,0.75,1.0,1.4642857142857142,,,,,,,51.0,72.6,0.7024793388429753,0.75,1.0,0.24401913875598086,,,,At Risk
1003509,Hiber Ethiopia Cultural House,Netsanet,Unspecified,True,False,0.0,3.498616600790514,0.0,,,,,,,104.48484848484848,69.97233201581028,1.4932309024835715,1.0,1.0,,,,,,,,183.0909090909091,113.46818181818182,1.6135881104033971,1.0,0.75,,,,,On Track
1001664,Yoalu bar and resturant,Alemayehu,Unspecified,True,False,0.0,1.0402173913043478,0.0,,,,,,,37.0,20.804347826086957,1.7784743991640544,1.0,1.0,,,,,,,,52.0,56.925,0.9134826526130875,0.5,1.0,,,,,On Track
2958391,kebeki bar and resturant,Netsanet,Unspecified,True,False,0.0,0.6521739130434783,0.0,,,,,,,25.0,13.043478260869565,1.9166666666666667,0.0,,,,,,,,,42.0,15.0,2.8,0.3333333333333333,1.0,,,,,On Track
2926342,Cheru Adama Special Kurt,Alemayehu,Unspecified,True,False,0.0,1.8054347826086956,0.0,,,,,,,25.0,36.108695652173914,0.6923540036122817,1.5,0.6666666666666666,,,,,,,,67.0,41.525,1.6134858518964479,2.0,0.5,,,,,At Risk
2417439,kebab Kurt ena kitfo,London,Unspecified,True,True,0.0,4.455138339920949,0.0,,,0.0,,,,30.0,89.10276679841897,0.33668988155968593,0.6666666666666666,0.5,1.0714285714285714,,,,,,,54.0,102.46818181818182,0.5269928580934214,0.6666666666666666,0.5,0.2583732057416268,,,,Critical
1049393,havana,Netsanet,Unspecified,True,False,0.0,10.270652173913044,0.0,,,,,,,25.0,205.41304347826085,0.12170600063498785,0.5,1.0,,,,,,,,55.0,332.84166666666664,0.1652437345083999,0.5,1.0,,,,,Critical
1019834,Debredamo Hotel,London,Unspecified,True,False,0.0,0.6521739130434783,0.0,,,,,,,25.0,13.043478260869565,1.9166666666666667,1.0,0.5,,,,,,,,25.0,15.0,1.6666666666666667,1.0,0.5,,,,,On Track
1019609,Axum Hotel,London,Unspecified,True,False,0.0,0.8010869565217391,0.0,,,,,,,25.0,16.02173913043478,1.560379918588874,1.5,0.3333333333333333,,,,,,,,25.0,18.425,1.3568521031207599,1.5,0.3333333333333333,,,,,On Track
2820658,Damo Hotel,Chandra,Unspecified,True,False,5.0,3.1225296442687744,1.6012658227848102,,,,,,,67.66666666666667,62.450592885375485,1.0835232067510552,,,,,,,,,,115.54545454545455,104.81818181818181,1.1023417172593235,,,,,,,On Track
1567781,Cheru medihaniyalem  liyu kurt,Alemayehu,Unspecified,True,False,0.0,1.8532608695652173,0.0,,,,,,,24.0,37.065217391304344,0.6475073313782992,0.5,1.0,,,,,,,,63.0,83.50833333333333,0.754415726973356,0.6,1.0,,,,,At Risk
1025985,Top bar and restaurant,London,Unspecified,True,False,0.0,0.8369565217391305,0.0,,,,,,,24.0,16.73913043478261,1.4337662337662338,3.0,0.0,,,,,,,,49.0,19.25,2.5454545454545454,3.0,0.0,,,,,On Track
1025334,Top one house,London,Unspecified,True,False,0.0,0.6521739130434783,0.0,,,,,,,24.0,13.043478260869565,1.84,1.0,0.5,,,,,,,,44.0,15.0,2.933333333333333,1.0,0.5,,,,,On Track
1024369,Embilta Hotel,Chandra,Unspecified,True,False,0.0,3.1225296442687744,0.0,,,,,,,78.39393939393939,62.450592885375485,1.2552953586497893,0.5,0.0,,,,,,,,158.5757575757576,104.81818181818181,1.5128649898814688,0.375,0.3333333333333333,,,,,On Track
1002955,KG Corner Bar and Restaurant,Chandra,Unspecified,True,False,0.0,1.076086956521739,0.0,,,,,,,30.0,21.52173913043478,1.393939393939394,0.25,1.0,,,,,,,,60.0,57.75,1.0389610389610389,0.1,1.0,,,,,On Track
1009775,Di Na Poli Hotel,Chandra,Unspecified,True,False,0.0,0.6521739130434783,0.0,,,,,,,23.0,13.043478260869565,1.7633333333333334,,,,,,,,,,69.0,48.0,1.4375,,,,,,,On Track
2810710,Kerab Abziyo,Netsanet,Unspecified,True,False,0.0,1.1119565217391305,0.0,0.0,,,,,,35.0,22.239130434782606,1.5738025415444772,0.0,,,,,,,,,51.0,61.875,0.8242424242424242,0.5,1.0,,,,,On Track
2716057,hailin butchery,London,Unspecified,True,True,0.0,3.988833992094862,0.0,0.0,,0.0,,,,88.39393939393939,79.77667984189723,1.1080172748367065,1.0,0.25,3.1569264069264067,,,,,,,184.36363636363637,91.74318181818182,2.0095622662075456,1.0,0.25,0.8821226620269683,,,,On Track
1710068,Best Western Premier hotel,Netsanet,Unspecified,True,False,0.0,3.0489130434782608,0.0,,,,,,,33.0,60.97826086956522,0.5411764705882353,0.5,1.0,,,,,,,,54.0,119.44166666666666,0.45210353729156494,0.8,1.0,,,,,At Risk
1212593,Tanab Hotel,Netsanet,Unspecified,True,True,0.0,7.7,0.0,0.0,,0.0,,,,29.0,154.0,0.18831168831168832,0.0,,1.0357142857142858,,,,,,,59.0,232.28333333333333,0.25400014350290595,0.5,1.0,0.2822966507177033,,,,Critical
1011907,Friendship Supermarket,Netsanet,Unspecified,True,False,0.0,5.679347826086956,0.0,,,,,,,33.0,113.58695652173913,0.2905263157894737,1.0,1.0,,,,,,,,41.0,163.99166666666667,0.25001270389755575,1.0,0.75,,,,,Critical
1016732,Blue Nest Hotel,Chandra,Unspecified,True,True,0.0,1.3043478260869565,0.0,,,0.0,,,,26.0,26.08695652173913,0.9966666666666667,,,0.9285714285714286,,,,,,,47.0,63.0,0.746031746031746,,,0.22488038277511962,,,,On Track
1013644,tirar international hotel,Chandra,Unspecified,True,True,0.0,1.3043478260869565,0.0,,,0.0,,,,22.0,26.08695652173913,0.8433333333333334,,,0.7857142857142857,,,,,,,35.0,63.0,0.5555555555555556,,,0.1674641148325359,,,,Watch
2948479,befeker leyu kurt,Netsanet,Unspecified,True,False,0.0,1.566304347826087,0.0,,,,,,,22.0,31.32608695652174,0.7022900763358779,0.3333333333333333,1.0,,,,,,,,28.0,69.025,0.4056501267656646,0.8333333333333334,0.6,,,,,At Risk
2725111,Kidanemihret Butchery,Alemayehu,Unspecified,True,False,0.0,1.3869565217391304,0.0,0.0,,,,,,28.0,27.739130434782606,1.0094043887147337,0.0,,,,,,,,,68.0,64.9,1.0477657935285054,0.75,0.6666666666666666,,,,,On Track
1025643,Lalibela Hotel,Netsanet,Unspecified,True,False,0.0,6.145652173913043,0.0,,,,,,,22.0,122.91304347826086,0.17898832684824903,1.0,1.0,,,,,,,,53.0,176.36666666666667,0.3005103005103005,1.0,1.0,,,,,Critical
1024557,Canvas Lounge,Chandra,Unspecified,True,True,0.0,1.3043478260869565,0.0,,,0.0,,,,22.0,26.08695652173913,0.8433333333333334,0.5,1.0,0.7857142857142857,,,,,,,102.0,102.05,0.9995100440960314,0.375,1.0,0.4880382775119617,,,,Watch
1020487,yetemche Traditional house,London,Unspecified,True,False,0.0,0.6521739130434783,0.0,,,,,,,22.0,13.043478260869565,1.6866666666666668,2.0,0.0,,,,,,,,50.0,15.0,3.3333333333333335,2.0,0.0,,,,,On Track
1001971,Yod Abyssinya Hotel,London,Unspecified,True,False,0.0,0.6521739130434783,0.0,,,,,,,22.0,13.043478260869565,1.6866666666666668,1.0,1.0,,,,,,,,34.0,48.0,0.7083333333333334,1.0,1.0,,,,,On Track
1001564,chibo lounge,London,Unspecified,True,False,0.0,0.6934782608695652,0.0,,,,,,,22.0,13.869565217391303,1.5862068965517242,3.0,0.0,,,,,,,,41.0,15.95,2.5705329153605017,3.0,0.0,,,,,On Track
1062558,Watot lounge,Chandra,Unspecified,True,True,0.0,3.774703557312253,0.0,,,0.0,,,,33.78787878787879,75.49407114624505,0.4475567190226877,,,1.2067099567099568,,,,,,,88.36363636363636,130.0848484848485,0.6792769288110323,,,0.4227925184862984,,,,Critical
1000495,enderase bar&restaurant,London,Unspecified,True,False,0.0,2.403260869565217,0.0,,,,,,,60.24242424242424,48.065217391304344,1.2533475871332045,,0.0,,,,,,,,152.42424242424244,55.275,2.7575620519989585,,0.0,,,,,On Track
2876726,Andinet kurti & kitfo no2,London,Unspecified,True,True,0.0,4.849703557312253,0.0,,,0.0,,,,69.60606060606061,96.99407114624506,0.7176321169271311,1.6666666666666667,0.4,2.485930735930736,,,,,,,149.15151515151516,191.65984848484848,0.7782095015237697,1.6666666666666667,0.4,0.7136436131651442,,,,At Risk
2785966,zegeye butchery,Netsanet,Unspecified,True,False,0.0,3.1225296442687744,0.0,,,,,,,75.60606060606061,62.450592885375485,1.2106540084388189,1.0,1.0,,,,,,,,156.21212121212122,104.81818181818181,1.490315119976872,1.0,0.75,,,,,On Track
2230162,Club Toronto,Alemayehu,Unspecified,True,False,0.0,1.673913043478261,0.0,,,,,,,22.0,33.47826086956522,0.6571428571428571,1.0,1.0,,,,,,,,57.0,38.5,1.4805194805194806,1.0,1.0,,,,,At Risk
2075346,Corner hotel,Netsanet,Unspecified,True,True,0.0,1.3043478260869565,0.0,,,0.0,,,,20.0,26.08695652173913,0.7666666666666667,0.3333333333333333,1.0,0.7142857142857143,,,,,,,29.0,63.0,0.4603174603174603,0.7142857142857143,0.6,0.13875598086124402,,,,Watch
1685640,Noble House,London,Unspecified,True,False,0.0,2.654347826086956,0.0,,,,,,,25.0,53.086956521739125,0.470925470925471,0.5,0.0,,,,,,,,55.0,61.05,0.9009009009009009,0.5,0.0,,,,,Critical
1211600,Yonas Chercher Butchery(22),Alemayehu,Unspecified,True,True,0.0,3.774703557312253,0.0,0.0,,0.0,,,,35.57575757575758,75.49407114624505,0.4712390924956371,0.0,,1.2705627705627707,,,,,,,72.72727272727273,119.81818181818181,0.606980273141123,1.0,0.0,0.34797738147020446,,,,Critical
1055871,Natani,Netsanet,Unspecified,True,False,0.0,14.646739130434783,0.0,,,,,,,22.0,292.9347826086956,0.07510204081632654,1.0,1.0,,,,,,,,36.0,369.875,0.09733017911456573,1.0,1.0,,,,,Critical
1027106,Ashu Butchery,Chandra,Unspecified,True,True,0.0,1.3043478260869565,0.0,,,0.0,,,,25.0,26.08695652173913,0.9583333333333334,0.25,1.0,0.8928571428571429,,,,,,,51.0,63.0,0.8095238095238095,0.125,1.0,0.24401913875598086,,,,On Track
1025186,Radisson Blue Hotel,London,Unspecified,True,False,0.0,0.6521739130434783,0.0,,,,,,,20.0,13.043478260869565,1.5333333333333334,1.0,0.5,,,,,,,,20.0,15.0,1.3333333333333333,1.0,0.5,,,,,On Track
1024024,Sunrise Hotel,London,Unspecified,True,True,0.0,2.403260869565217,0.0,,,0.0,,,,25.0,48.065217391304344,0.5201266395296247,0.5,1.0,0.8928571428571429,,,,,,,53.0,55.275,0.9588421528720037,0.5,1.0,0.2535885167464115,,,,At Risk
1009121,Foyat Hotel,Netsanet,Unspecified,True,True,0.0,1.3043478260869565,0.0,0.0,,0.0,,,,37.0,26.08695652173913,1.4183333333333334,0.0,,1.3214285714285714,,,,,,,70.0,122.95,0.5693371289141927,0.5,1.0,0.3349282296650718,,,,On Track
1002704,Tarik Buchery,Chandra,Unspecified,True,True,0.0,1.3043478260869565,0.0,0.0,,0.0,,,,37.0,26.08695652173913,1.4183333333333334,0.25,1.0,1.3214285714285714,,,,,,,82.0,63.0,1.3015873015873016,0.5,0.5,0.3923444976076555,,,,On Track
1019994,Odoni Hotel,Chandra,Unspecified,True,True,0.0,6.886956521739131,0.0,,,0.0,,,,19.0,137.73913043478262,0.13794191919191917,,,0.6785714285714286,,,,,,,58.0,191.4,0.30303030303030304,,,0.27751196172248804,,,,Critical
2958749,crescnt hotel,Netsanet,Unspecified,True,False,0.0,1.267391304347826,0.0,,,,,,,19.0,25.34782608695652,0.7495711835334478,0.0,,,,,,,,,25.0,29.15,0.8576329331046313,0.5,0.0,,,,,At Risk
2939138,Tarik butchery,Netsanet,Unspecified,True,True,0.0,2.9532608695652174,0.0,,,0.0,,,,29.0,59.065217391304344,0.49098270150901735,0.5,0.0,1.0357142857142858,,,,,,,49.0,100.925,0.485509041367352,0.8,0.75,0.23444976076555024,,,,Critical
2938660,L-classice,Alemayehu,Unspecified,True,False,0.0,1.375,0.0,,,,,,,24.0,27.5,0.8727272727272727,1.0,1.0,,,,,,,,73.0,64.625,1.1295938104448742,0.8,1.0,,,,,Watch
2495983,Hundaf bar no3,Alemayehu,Unspecified,True,False,0.0,1.2195652173913043,0.0,,,,,,,19.0,24.391304347826086,0.7789661319073085,1.0,1.0,,,,,,,,48.0,61.05,0.7862407862407863,1.0,0.8,,,,,Watch
1016879,Abem butchery,Netsanet,Unspecified,True,True,0.0,2.5586956521739133,0.0,,,0.0,,,,29.0,51.17391304347826,0.566694987255735,0.3333333333333333,1.0,1.0357142857142858,,,,,,,65.0,91.85,0.7076755579749592,0.6666666666666666,1.0,0.31100478468899523,,,,At Risk
2828624,Tsina kurt ena kitfo(72),Alemayehu,Unspecified,True,False,0.0,4.837747035573123,0.0,,,,,,,72.45454545454545,96.75494071146245,0.748845949589444,,,,,,,,,,204.4848484848485,159.30151515151516,1.283634046357679,,,,,,,At Risk
1028182,Sheraton Addis Hotel,Chandra,Unspecified,True,True,0.0,3.774703557312253,0.0,,,0.0,,,,50.151515151515156,75.49407114624505,0.6643106457242585,0.0,,1.7911255411255413,,,,,,,123.75757575757575,126.96818181818182,0.9747133020680437,0.0,,0.5921415108017979,,,,At Risk
1025537,Tulip olympia hotel,Netsanet,Unspecified,True,False,0.0,0.6521739130434783,0.0,,,,,,,18.0,13.043478260869565,1.3800000000000001,0.5,1.0,,,,,,,,40.0,48.0,0.8333333333333334,0.75,1.0,,,,,On Track
1005311,Yomana Kitefo Bet,Alemayehu,Unspecified,True,False,0.0,1.482608695652174,0.0,,,,,,,28.0,29.65217391304348,0.9442815249266862,0.0,,,,,,,,,59.0,68.2,0.8651026392961877,0.5,1.0,,,,,On Track
1005213,Sunshine Bar and Restaurant,Chandra,Unspecified,True,True,11.0,1.3043478260869565,8.433333333333334,,,11.0,,,,31.0,26.08695652173913,1.1883333333333335,0.25,1.0,1.1071428571428572,,,,,,,59.0,30.0,1.9666666666666666,0.25,1.0,0.2822966507177033,,,,On Track
1006601,Edeget Hotel,Chandra,Unspecified,True,True,0.0,1.3043478260869565,0.0,,,0.0,,,,30.78787878787879,26.08695652173913,1.1802020202020203,,,1.0995670995670996,,,,,,,70.78787878787878,174.83333333333331,0.40488777190397784,,,0.338697984630999,,,,On Track
2812402,Zemera Kurte,Alemayehu,Unspecified,True,False,0.0,1.482608695652174,0.0,,,,,,,17.0,29.65217391304348,0.5733137829912023,1.0,1.0,,,,,,,,62.0,34.1,1.8181818181818181,1.5,0.6666666666666666,,,,,At Risk
2789793,Mekelite Kurt,Alemayehu,Unspecified,True,False,0.0,1.2793478260869566,0.0,,,,,,,17.0,25.58695652173913,0.6644010195412065,1.0,1.0,,,,,,,,43.0,62.425,0.6888265919102924,0.8,1.0,,,,,At Risk
1564078,Agye bar and Restaurant,Netsanet,Unspecified,True,True,0.0,2.5586956521739133,0.0,,,0.0,,,,22.0,51.17391304347826,0.4299065420560748,0.3333333333333333,1.0,0.7857142857142857,,,,,,,52.0,91.85,0.5661404463799674,0.4,1.0,0.24880382775119617,,,,Critical
1563992,Le Jardin Bar And Restaurant,Alemayehu,Unspecified,True,False,0.0,0.9684782608695651,0.0,0.0,,,,,,26.0,19.3695652173913,1.342312008978676,0.0,,,,,,,,,47.0,55.275,0.8502939846223428,1.5,0.0,,,,,On Track
1024855,Habesha butchery,Netsanet,Unspecified,True,True,0.0,3.774703557312253,0.0,,,0.0,,,,39.303030303030305,75.49407114624505,0.5206108202443281,0.0,,1.4036796536796536,,,,,,,110.9090909090909,119.81818181818181,0.9256449165402124,0.0,,0.5306655067420617,,,,At Risk
2718353,Misale Addis,Alemayehu,Unspecified,True,False,0.0,3.1225296442687744,0.0,,,,,,,88.33333333333334,62.450592885375485,1.4144514767932492,0.0,,,,,,,,,158.93939393939394,104.81818181818181,1.516334200636022,0.5,1.0,,,,,On Track
1234427,DE Lopol  Hotel,Netsanet,Unspecified,True,False,0.0,2.2,0.0,,,,,,,26.0,44.0,0.5909090909090909,0.0,,,,,,,,,87.0,88.18333333333334,0.9865809865809866,0.5,1.0,,,,,At Risk
1048859,Holiday hotel,London,Unspecified,True,False,0.0,3.7184782608695657,0.0,,,,,,,16.0,74.36956521739131,0.21514177141186785,1.0,0.5,,,,,,,,16.0,85.525,0.18707980122771117,1.0,0.5,,,,,Critical
1026682,Hilton Addis Ababa Hotel,London,Unspecified,True,True,0.0,9.498945981554678,0.0,,,0.0,,,,60.60606060606061,189.97891963109356,0.3190146608041943,0.5,0.0,2.1645021645021645,,,,,,,159.0909090909091,218.4757575757576,0.7281856387921827,0.5,0.0,0.7612005219660722,,,,Critical
1003042,Alex Butchery,Chandra,Unspecified,True,True,0.0,1.3043478260869565,0.0,,,0.0,,,,15.0,26.08695652173913,0.5750000000000001,,,0.5357142857142857,,,,,,,65.0,63.0,1.0317460317460319,,,0.31100478468899523,,,,At Risk
2722948,Yared Kurt,Alemayehu,Unspecified,True,True,0.0,3.774703557312253,0.0,,,0.0,,,,31.151515151515152,75.49407114624505,0.4126352530541013,1.0,1.0,1.1125541125541125,,,,,,,59.09090909090909,119.81818181818181,0.49317147192716243,0.8,1.0,0.28273162244454114,,,,Critical
1567318,Hakim Bar and Restaurant,Chandra,Unspecified,True,False,0.0,0.6521739130434783,0.0,,,,,,,15.0,13.043478260869565,1.1500000000000001,0.0,,,,,,,,,29.0,48.0,0.6041666666666666,0.0,,,,,,On Track
1215088,Best Western Plus Pearl Addis,Alemayehu,Unspecified,True,False,0.0,0.6521739130434783,0.0,,,,,,,15.0,13.043478260869565,1.1500000000000001,0.0,,,,,,,,,25.0,48.0,0.5208333333333334,0.5,1.0,,,,,On Track
1023050,Rodeo Addis,Netsanet,Unspecified,True,True,0.0,1.3043478260869565,0.0,,,0.0,,,,15.0,26.08695652173913,0.5750000000000001,0.0,,0.5357142857142857,,,,,,,21.0,63.0,0.3333333333333333,0.5,1.0,0.10047846889952153,,,,At Risk
1018357,Eliana Hotel,Chandra,Unspecified,True,True,0.0,1.3043478260869565,0.0,,,0.0,,,,15.0,26.08695652173913,0.5750000000000001,0.25,1.0,0.5357142857142857,,,,,,,21.0,63.0,0.3333333333333333,0.2727272727272727,1.0,0.10047846889952153,,,,At Risk
1003431,Benazo Lounge,Chandra,Unspecified,True,True,0.0,1.3043478260869565,0.0,,,0.0,,,,50.0,26.08695652173913,1.9166666666666667,0.25,1.0,1.7857142857142858,,,,,,,83.0,92.51666666666667,0.8971356512340118,0.125,1.0,0.39712918660287083,,,,On Track
1009964,Liya Hotel,Chandra,Unspecified,True,True,0.0,1.7217391304347827,0.0,,,0.0,,,,16.0,34.434782608695656,0.4646464646464646,,,0.5714285714285714,,,,,,,33.0,72.6,0.4545454545454546,,,0.15789473684210525,,,,Critical
2756774,Desalegn Butchery,Chandra,Unspecified,True,False,0.0,0.6521739130434783,0.0,0.0,,,,,,36.0,13.043478260869565,2.7600000000000002,0.25,1.0,,,,,,,,78.0,48.0,1.625,0.75,0.3333333333333333,,,,,On Track
1626495,The Resedence Hotel,Netsanet,Unspecified,True,False,0.0,0.6521739130434783,0.0,,,,,,,22.0,13.043478260869565,1.6866666666666668,0.0,,,,,,,,,28.0,15.0,1.8666666666666667,0.6666666666666666,0.5,,,,,On Track
1002879,Roma Bar,Chandra,Unspecified,True,True,0.0,1.3043478260869565,0.0,,,0.0,,,,37.0,26.08695652173913,1.4183333333333334,0.5,1.0,1.3214285714285714,,,,,,,86.0,75.46666666666667,1.1395759717314486,0.2,1.0,0.41148325358851673,,,,On Track
2896990,Hamer Village,Alemayehu,Unspecified,True,False,0.0,0.6521739130434783,0.0,,,,,,,13.0,13.043478260869565,0.9966666666666667,1.0,1.0,,,,,,,,39.0,15.0,2.6,2.5,0.4,,,,,On Track
1580041,Green Bush Garden,London,Unspecified,True,True,0.0,4.627173913043478,0.0,,,0.0,,,,24.0,92.54347826086956,0.2593375616631431,3.0,0.3333333333333333,0.8571428571428571,,,,,,,34.0,139.425,0.24385870539716692,3.0,0.3333333333333333,0.16267942583732056,,,,Critical
1090850,The Hub Addis Ababa,Alemayehu,Unspecified,True,False,0.0,0.6521739130434783,0.0,,,,,,,13.0,13.043478260869565,0.9966666666666667,1.0,1.0,,,,,,,,17.0,48.0,0.3541666666666667,0.75,1.0,,,,,On Track
1066345,Panda Restaurant,Netsanet,Unspecified,True,True,2.0,2.534782608695652,0.7890222984562608,,,2.0,,,,18.0,50.69565217391304,0.35506003430531735,0.6666666666666666,0.5,0.6428571428571429,,,,,,,29.0,91.3,0.31763417305585984,0.7142857142857143,0.8,0.13875598086124402,,,,Critical
1048118,Africana Bar and Restaurant,Alemayehu,Unspecified,True,False,0.0,0.8250000000000001,0.0,0.0,,,,,,13.0,16.5,0.7878787878787878,0.0,,,,,,,,,28.0,51.975,0.5387205387205387,0.75,0.6666666666666666,,,,,Watch
1017885,Sarim Hotel,Chandra,Unspecified,True,False,0.0,1.590217391304348,0.0,,,,,,,13.0,31.804347826086957,0.40874914559125086,0.25,1.0,,,,,,,,20.0,69.575,0.2874595759971254,0.25,1.0,,,,,Critical
1012278,Kings Hotel,Chandra,Unspecified,True,True,0.0,2.2956521739130435,0.0,,,0.0,,,,13.0,45.91304347826087,0.2831439393939394,0.25,1.0,0.4642857142857143,,,,,,,39.0,85.8,0.4545454545454546,0.17647058823529413,1.0,0.18660287081339713,,,,Critical
1004044,Desalech Kitfo bet,Netsanet,Unspecified,True,True,0.0,1.434782608695652,0.0,,,0.0,,,,19.0,28.695652173913043,0.6621212121212121,1.0,1.0,0.6785714285714286,,,,,,,35.0,66.0,0.5303030303030303,1.0,0.75,0.1674641148325359,,,,At Risk
1003197,Nega Bonger Hotel,Netsanet,Unspecified,True,False,5.0,1.5423913043478261,3.2417195207892884,,,,,,,18.0,30.847826086956523,0.5835095137420718,0.0,,,,,,,,,44.0,68.475,0.6425702811244981,0.25,1.0,,,,,At Risk
1002025,Wabi Hotel,Alemayehu,Unspecified,True,False,0.0,5.459486166007905,0.0,,,,,,,31.363636363636363,109.1897233201581,0.2872398190045249,1.0,1.0,,,,,,,,150.5151515151515,125.56818181818181,1.1986726998491704,1.0,1.0,,,,,Critical
2931271,70 Dereja,Alemayehu,Unspecified,True,False,0.0,0.6521739130434783,0.0,,,,,,,16.0,13.043478260869565,1.2266666666666668,1.0,1.0,,,,,,,,25.0,48.0,0.5208333333333334,1.0,0.8,,,,,On Track
2117654,Blen Lounge,Alemayehu,Unspecified,True,False,0.0,1.2554347826086956,0.0,,,,,,,12.0,25.108695652173914,0.4779220779220779,1.0,1.0,,,,,,,,29.0,28.875,1.0043290043290043,1.0,1.0,,,,,Critical
2058545,Zemar kurtena Ketfo,Chandra,Unspecified,True,True,0.0,1.6021739130434782,0.0,,,0.0,,,,12.0,32.04347826086956,0.37449118046132973,0.25,1.0,0.42857142857142855,,,,,,,21.0,69.85,0.3006442376521117,0.125,1.0,0.10047846889952153,,,,Critical
1231004,Mesifn Kurt And Tej Butchery,Netsanet,Unspecified,True,True,0.0,6.762747035573122,0.0,,,0.0,,,,18.0,135.25494071146244,0.13308201464077501,0.0,,0.6428571428571429,,,,,,,23.0,188.5431818181818,0.12198796996106512,0.6,1.0,0.11004784688995216,,,,Critical
1057632,Hanom Hotel,Netsanet,Unspecified,True,True,0.0,2.6902173913043477,0.0,,,0.0,,,,19.0,53.80434782608695,0.35313131313131313,1.0,1.0,0.6785714285714286,,,,,,,28.0,94.875,0.2951251646903821,1.0,1.0,0.1339712918660287,,,,Critical
1016883,Gize bar,Netsanet,Unspecified,True,True,0.0,1.3043478260869565,0.0,,,0.0,,,,22.0,26.08695652173913,0.8433333333333334,0.5,1.0,0.7857142857142857,,,,,,,49.0,63.0,0.7777777777777778,0.8,1.0,0.23444976076555024,,,,Watch
1014751,Dawit Brundo,Alemayehu,Unspecified,True,False,0.0,0.8728260869565218,0.0,,,,,,,12.0,17.456521739130434,0.6874221668742218,1.0,1.0,,,,,,,,27.0,53.075,0.5087140838436175,1.2,0.8333333333333334,,,,,At Risk
1005034,mesklu barand restaurant,London,Unspecified,True,False,0.0,1.1358695652173914,0.0,,,,,,,12.0,22.717391304347824,0.5282296650717704,0.5,1.0,,,,,,,,30.0,26.125,1.1483253588516746,0.5,1.0,,,,,At Risk
1001794,Washington Hotel,Netsanet,Unspecified,True,True,0.0,1.3043478260869565,0.0,,,0.0,,,,12.0,26.08695652173913,0.46,0.6666666666666666,0.5,0.42857142857142855,,,,,,,28.0,63.0,0.4444444444444444,0.6666666666666666,0.75,0.1339712918660287,,,,Critical
1001703,Ethiopia Hotel No. 2,Netsanet,Unspecified,True,False,0.0,0.8489130434782608,0.0,,,,,,,20.0,16.978260869565215,1.17797695262484,0.3333333333333333,1.0,,,,,,,,40.0,52.525,0.7615421227986673,0.6,1.0,,,,,On Track
1055872,Saphire Addis Hotel,Netsanet,Unspecified,True,True,0.0,2.235869565217391,0.0,,,0.0,,,,21.0,44.71739130434782,0.4696159455517745,0.0,,0.75,,,,,,,32.0,91.025,0.35155177149134853,0.3333333333333333,1.0,0.15311004784688995,,,,Critical
1001697,Airport Motel,Alemayehu,Unspecified,True,False,10.0,0.6521739130434783,15.333333333333334,,,,,,,21.0,13.043478260869565,1.61,0.0,,,,,,,,,24.0,48.0,0.5,0.5,1.0,,,,,On Track
1001090,Bole Wings Bar and Restaurant,Netsanet,Unspecified,True,True,0.0,1.3043478260869565,0.0,,,0.0,,,,16.0,26.08695652173913,0.6133333333333334,0.0,,0.5714285714285714,,,,,,,27.0,63.0,0.42857142857142855,0.5,1.0,0.1291866028708134,,,,At Risk
1000506,Saro-maria Hotel,Netsanet,Unspecified,True,False,11.0,1.2076086956521739,9.10891089108911,,,,,,,22.0,24.152173913043477,0.9108910891089109,1.0,1.0,,,,,,,,32.0,60.775,0.5265322912381736,0.8333333333333334,1.0,,,,,On Track
1775066,2RN Solomon hotel,London,Unspecified,True,False,0.0,0.908695652173913,0.0,,,,,,,10.0,18.173913043478258,0.5502392344497609,,,,,,,,,,25.0,53.9,0.463821892393321,,,,,,,At Risk
2930700,Radha`s indian Restaurant,Netsanet,Unspecified,True,False,0.0,2.1641304347826087,0.0,,,,,,,10.0,43.28260869565217,0.23103967855349072,1.0,1.0,,,,,,,,21.0,82.775,0.2536997885835095,1.0,0.75,,,,,Critical
1655428,Whitehouse Hotel,Alemayehu,Unspecified,True,False,0.0,0.8489130434782608,0.0,,,,,,,17.0,16.978260869565215,1.001280409731114,0.0,,,,,,,,,28.0,52.525,0.5330794859590672,0.75,0.6666666666666666,,,,,On Track
1579113,Z Blue one Lounge,Alemayehu,Unspecified,True,False,0.0,0.8010869565217391,0.0,,,,,,,10.0,16.02173913043478,0.6241519674355496,1.0,1.0,,,,,,,,40.0,18.425,2.1709633649932156,1.5,0.6666666666666666,,,,,At Risk
1233300,Red Dragon china restaurant,Netsanet,Unspecified,True,False,0.0,1.5065217391304346,0.0,,,,,,,25.0,30.130434782608695,0.8297258297258298,1.0,1.0,,,,,,,,55.0,34.65,1.5873015873015874,1.3333333333333333,0.75,,,,,Watch
1049412,Ras Amba Hotel,London,Unspecified,True,True,0.0,10.485869565217392,0.0,,,0.0,,,,10.0,209.71739130434784,0.047683217580595,0.5,0.0,0.35714285714285715,,,,,,,16.0,241.175,0.06634186793821913,0.5,0.0,0.07655502392344497,,,,Critical
1020357,Winner Hotel,Alemayehu,Unspecified,True,False,0.0,0.7293478260869565,0.0,,,,,,,12.0,14.586956521739129,0.8226527570789867,1.0,1.0,,,,,,,,25.0,16.775,1.4903129657228018,1.0,1.0,,,,,Watch
1017707,Mekonenoch recreational center,Chandra,Unspecified,True,True,0.0,1.4467391304347825,0.0,,,0.0,,,,10.0,28.93478260869565,0.3456048084147258,0.25,1.0,0.35714285714285715,,,,,,,44.0,66.275,0.6639004149377593,0.125,1.0,0.21052631578947367,,,,Critical
1016884,Andinet butchery,Netsanet,Unspecified,True,True,0.0,1.3043478260869565,0.0,,,0.0,,,,16.0,26.08695652173913,0.6133333333333334,0.3333333333333333,1.0,0.5714285714285714,,,,,,,38.0,63.0,0.6031746031746031,0.6666666666666666,1.0,0.18181818181818182,,,,At Risk
1016668,Lafto Mall Restaurant,Chandra,Unspecified,True,True,0.0,1.3043478260869565,0.0,0.0,,0.0,,,,10.0,26.08695652173913,0.38333333333333336,0.25,1.0,0.35714285714285715,,,,,,,37.0,63.0,0.5873015873015873,0.3333333333333333,1.0,0.17703349282296652,,,,Critical
1001746,Right Bar and Res,Netsanet,Unspecified,True,True,0.0,1.3043478260869565,0.0,0.0,,0.0,,,,80.0,26.08695652173913,3.066666666666667,0.0,,2.857142857142857,,,,,,,112.0,187.3,0.597971169247197,0.25,1.0,0.5358851674641149,,,,On Track
2614279,Zemena kitifo,Netsanet,Unspecified,True,False,0.0,0.6815217391304348,0.0,,,,,,,9.0,13.630434782608695,0.6602870813397129,0.0,,,,,,,,,21.0,48.675,0.4314329738058552,0.75,0.6666666666666666,,,,,At Risk
1009656,the lions den hotel,Netsanet,Unspecified,True,False,0.0,0.7054347826086957,0.0,,,,,,,9.0,14.108695652173914,0.6379044684129429,0.0,,,,,,,,,19.0,49.225,0.3859827323514474,0.5,1.0,,,,,At Risk
1008894,Kenenisa Hotel,Netsanet,Unspecified,True,False,0.0,1.0521739130434782,0.0,,,,,,,9.0,21.043478260869563,0.4276859504132232,0.0,,,,,,,,,15.0,57.2,0.26223776223776224,0.6666666666666666,1.0,,,,,Critical
1812667,Zanzi,Alemayehu,Unspecified,True,False,0.0,1.0282608695652173,0.0,,,,,,,8.0,20.565217391304348,0.3890063424947146,,,,,,,,,,43.57575757575758,23.65,1.842526747389327,,,,,,,Critical
1047705,Extream Hotel,Chandra,Unspecified,True,True,0.0,1.3869565217391304,0.0,,,0.0,,,,8.0,27.739130434782606,0.2884012539184953,,,0.2857142857142857,,,,,,,29.0,64.9,0.4468412942989214,,,0.13875598086124402,,,,Critical
1015308,Fantu Supermarket,Chandra,Unspecified,True,True,0.0,1.3043478260869565,0.0,,,0.0,,,,8.0,26.08695652173913,0.3066666666666667,,,0.2857142857142857,,,,,,,12.0,63.0,0.19047619047619047,,,0.05741626794258373,,,,Critical
2934522,Megenagna Fiyel Bete,Netsanet,Unspecified,True,False,0.0,6.0260869565217385,0.0,,,,,,,8.0,120.52173913043478,0.06637806637806638,1.0,1.0,,,,,,,,15.0,171.6,0.08741258741258741,0.75,1.0,,,,,Critical
2879434,Doubel Tree by hilton,Alemayehu,Unspecified,True,False,0.0,0.6521739130434783,0.0,,,,,,,8.0,13.043478260869565,0.6133333333333334,0.0,,,,,,,,,18.0,48.0,0.375,0.5,1.0,,,,,At Risk
2766615,Fantu supermarket,Netsanet,Unspecified,True,False,0.0,5.260869565217392,0.0,,,,,,,18.0,105.21739130434783,0.17107438016528925,0.6666666666666666,0.5,,,,,,,,33.0,121.0,0.2727272727272727,1.25,0.4,,,,,Critical
2730033,Yemechen fiyele bet n 02,Alemayehu,Unspecified,True,False,0.0,0.6521739130434783,0.0,0.0,,,,,,8.0,13.043478260869565,0.6133333333333334,0.5,0.0,,,,,,,,23.0,48.0,0.4791666666666667,1.0,0.5,,,,,At Risk
1919290,Entoto Restaurant,Netsanet,Unspecified,True,False,0.0,1.2195652173913043,0.0,,,,,,,14.0,24.391304347826086,0.5739750445632799,0.0,,,,,,,,,30.0,61.05,0.4914004914004914,0.0,,,,,,At Risk
1130364,the address bar,Netsanet,Unspecified,True,False,0.0,0.6695652173913044,0.0,,,,,,,8.0,13.391304347826086,0.5974025974025975,1.0,1.0,,,,,,,,16.0,48.4,0.3305785123966942,1.0,0.75,,,,,At Risk
1126157,Sherar Addis Hotel,Netsanet,Unspecified,True,False,0.0,0.7532608695652173,0.0,,,,,,,8.0,15.065217391304348,0.5310245310245311,1.0,1.0,,,,,,,,17.0,50.325,0.33780427223050175,1.0,1.0,,,,,At Risk
1019703,Tobia Teji Bet,London,Unspecified,True,True,0.0,5.78695652173913,0.0,,,0.0,,,,8.0,115.7391304347826,0.06912096168294517,1.0,0.5,0.2857142857142857,,,,,,,8.0,133.1,0.06010518407212622,1.0,0.5,0.03827751196172249,,,,Critical
1023652,Vital Hotel,Chandra,Unspecified,True,True,0.0,1.3043478260869565,0.0,,,0.0,,,,13.0,26.08695652173913,0.49833333333333335,,,0.4642857142857143,,,,,,,32.0,63.0,0.5079365079365079,,,0.15311004784688995,,,,Critical
2756794,Aresema Butchery,Chandra,Unspecified,True,True,0.0,3.981521739130435,0.0,,,0.0,,,,14.0,79.6304347826087,0.17581217581217579,,,0.5,,,,,,,28.0,124.575,0.22476419827413205,,0.0,0.1339712918660287,,,,Critical
2947304,Noble plate,Alemayehu,Unspecified,True,False,0.0,0.6521739130434783,0.0,,,,,,,7.0,13.043478260869565,0.5366666666666667,1.0,1.0,,,,,,,,24.0,15.0,1.6,2.0,0.5,,,,,At Risk
2675988,Tadese Asa Bete,Alemayehu,Unspecified,True,False,0.0,0.6521739130434783,0.0,,,,,,,7.0,13.043478260869565,0.5366666666666667,1.0,1.0,,,,,,,,23.0,48.0,0.4791666666666667,0.8,1.0,,,,,At Risk
1214830,The Chill Spot,Alemayehu,Unspecified,True,False,0.0,0.6521739130434783,0.0,,,,,,,7.0,13.043478260869565,0.5366666666666667,1.0,1.0,,,,,,,,18.0,48.0,0.375,1.0,1.0,,,,,At Risk
1202828,Da'amat Hotel,Netsanet,Unspecified,True,False,0.0,9.33804347826087,0.0,,,,,,,8.0,186.7608695652174,0.042835525549994174,1.0,1.0,,,,,,,,14.0,247.775,0.056502875592775705,1.0,1.0,,,,,Critical
1131231,Double Black Bar and Restaurant no2,Netsanet,Unspecified,True,False,0.0,5.447529644268775,0.0,,,,,,,7.0,108.95059288537549,0.06424930617279473,0.5,1.0,,,,,,,,16.0,158.2931818181818,0.10107826386595645,0.75,1.0,,,,,Critical
1013652,Addisiniya Hotel,Alemayehu,Unspecified,True,False,0.0,0.6521739130434783,0.0,,,,,,,7.0,13.043478260869565,0.5366666666666667,1.0,1.0,,,,,,,,21.0,48.0,0.4375,1.0,1.0,,,,,At Risk
1001526,Genesis Fishe,Alemayehu,Unspecified,True,False,0.0,0.9565217391304348,0.0,,,,,,,7.0,19.130434782608695,0.3659090909090909,0.5,1.0,,,,,,,,36.0,22.0,1.6363636363636365,0.5,1.0,,,,,Critical
1000032,Tages Butchery,Alemayehu,Unspecified,True,False,0.0,0.8847826086956523,0.0,0.0,,,,,,15.0,17.695652173913043,0.8476658476658477,0.0,,,,,,,,,25.0,53.35,0.46860356138706655,1.0,0.0,,,,,Watch
1202435,Hundaf bar and resturant,Alemayehu,Unspecified,True,False,0.0,0.8489130434782608,0.0,,,,,,,9.0,16.978260869565215,0.530089628681178,,,,,,,,,,30.0,19.525,1.5364916773367479,,,,,,,At Risk
2933482,Chuchu supermarket and restaurant,Alemayehu,Unspecified,True,False,0.0,0.6521739130434783,0.0,,,,,,,6.0,13.043478260869565,0.46,1.0,1.0,,,,,,,,11.0,48.0,0.22916666666666666,0.8,1.0,,,,,Critical
2773109,Hanot Bar and Restautrant,Alemayehu,Unspecified,True,False,0.0,0.6521739130434783,0.0,,,,,,,6.0,13.043478260869565,0.46,0.5,1.0,,,,,,,,15.0,48.0,0.3125,0.4,1.0,,,,,Critical
2174101,Gangam korea restaurant,Netsanet,Unspecified,True,False,0.0,0.6521739130434783,0.0,,,,,,,6.0,13.043478260869565,0.46,1.0,1.0,,,,,,,,20.0,48.0,0.4166666666666667,1.0,0.75,,,,,Critical
1634942,Tripple-e Hotel & Spa,Alemayehu,Unspecified,True,False,0.0,0.6521739130434783,0.0,,,,,,,6.0,13.043478260869565,0.46,1.0,1.0,,,,,,,,11.0,48.0,0.22916666666666666,1.0,1.0,,,,,Critical
1620289,Elmos Hotel,Netsanet,Unspecified,True,False,0.0,5.978260869565218,0.0,,,,,,,6.0,119.56521739130434,0.05018181818181818,0.5,1.0,,,,,,,,12.0,170.5,0.07038123167155426,0.75,1.0,,,,,Critical
1571675,Cassiopia Hotel,Netsanet,Unspecified,True,False,0.0,4.6510869565217385,0.0,,,,,,,6.0,93.02173913043478,0.06450105164758121,0.0,,,,,,,,,12.0,139.975,0.08572959457045902,0.6666666666666666,0.75,,,,,Critical
1569906,Bella Pasta,Alemayehu,Unspecified,True,False,6.0,0.6521739130434783,9.2,,,,,,,12.0,13.043478260869565,0.92,0.0,,,,,,,,,19.0,48.0,0.3958333333333333,0.0,,,,,,On Track
1563267,Solo Majet Bar & Restaurant,Netsanet,Unspecified,True,False,0.0,2.2717391304347827,0.0,,,,,,,11.0,45.43478260869565,0.24210526315789477,0.0,,,,,,,,,17.0,85.25,0.19941348973607037,0.6,1.0,,,,,Critical
1214967,Konark Indian Hotel,Netsanet,Unspecified,True,False,0.0,3.9456521739130435,0.0,,,,,,,12.0,78.91304347826086,0.15206611570247935,1.0,0.5,,,,,,,,31.0,123.75,0.2505050505050505,1.0,0.5,,,,,Critical
1213545,70 Dereja,Alemayehu,Unspecified,True,False,0.0,0.6521739130434783,0.0,,,,,,,6.0,13.043478260869565,0.46,0.5,1.0,,,,,,,,18.0,48.0,0.375,0.2,1.0,,,,,Critical
1024272,Azzeman Hotel,Netsanet,Unspecified,True,True,0.0,1.817391304347826,0.0,,,0.0,,,,6.0,36.347826086956516,0.16507177033492826,0.6666666666666666,0.5,0.21428571428571427,,,,,,,12.0,74.8,0.16042780748663102,0.8,0.75,0.05741626794258373,,,,Critical
1022948,Afro politan Hotel,London,Unspecified,True,True,0.0,1.3043478260869565,0.0,,,0.0,,,,6.0,26.08695652173913,0.23,1.0,0.5,0.21428571428571427,,,,,,,34.0,30.0,1.1333333333333333,1.0,0.5,0.16267942583732056,,,,Critical
1014298,Double Black Bar and Restaurant,Netsanet,Unspecified,True,True,0.0,1.3043478260869565,0.0,,,0.0,,,,6.0,26.08695652173913,0.23,0.3333333333333333,1.0,0.21428571428571427,,,,,,,20.0,63.0,0.31746031746031744,0.6,1.0,0.09569377990430622,,,,Critical
1009628,greek club,Netsanet,Unspecified,True,False,0.0,0.6521739130434783,0.0,,,,,,,13.0,13.043478260869565,0.9966666666666667,0.0,,,,,,,,,32.0,48.0,0.6666666666666666,0.5,1.0,,,,,On Track
1001845,Desalegn Hotel,Netsanet,Unspecified,True,True,0.0,1.3043478260869565,0.0,,,0.0,,,,6.0,26.08695652173913,0.23,0.6666666666666666,0.5,0.21428571428571427,,,,,,,36.0,63.0,0.5714285714285714,0.8,0.75,0.1722488038277512,,,,Critical
1001498,Al Lebnany Restaurant,Alemayehu,Unspecified,True,False,0.0,0.6521739130434783,0.0,,,,,,,6.0,13.043478260869565,0.46,0.0,,,,,,,,,12.0,15.0,0.8,1.5,0.0,,,,,Critical
1000772,Yober Hotel,Netsanet,Unspecified,True,False,0.0,3.7902173913043478,0.0,,,,,,,6.0,75.80434782608695,0.07915113277889303,0.6666666666666666,0.5,,,,,,,,30.0,120.175,0.24963594757645102,0.7142857142857143,0.8,,,,,Critical
1000359,Kaleb Hotel,Netsanet,Unspecified,True,False,11.0,0.8847826086956523,12.432432432432432,,,,,,,17.0,17.695652173913043,0.9606879606879607,1.0,1.0,,,,,,,,45.0,53.35,0.8434864104967198,1.1666666666666667,0.8571428571428571,,,,,On Track
1018356,Churchill Hotel,Chandra,Unspecified,True,False,0.0,1.375,0.0,,,,,,,5.0,27.5,0.18181818181818182,,,,,,,,,,15.0,31.625,0.4743083003952569,,,,,,,Critical
1894823,olive&bread Hotel,London,Unspecified,True,False,0.0,0.6521739130434783,0.0,,,,,,,5.0,13.043478260869565,0.38333333333333336,,0.0,,,,,,,,15.0,15.0,1.0,,0.0,,,,,Critical
1023651,Grand Paradise Bar and Restaurant,Chandra,Unspecified,True,True,0.0,1.3043478260869565,0.0,,,0.0,,,,8.0,26.08695652173913,0.3066666666666667,,,0.2857142857142857,,,,,,,14.0,63.0,0.2222222222222222,,,0.06698564593301436,,,,Critical
2956808,Avocado Luxury Spa,Netsanet,Unspecified,True,False,0.0,11.584584980237153,0.0,,,,,,,5.0,231.69169960474306,0.02158040192432359,,,,,,,,,,5.0,299.44545454545454,0.016697531801208296,,0.0,,,,,Critical
2935114,Setke addis liyukurt,London,Unspecified,True,False,0.0,0.7054347826086957,0.0,,,,,,,5.0,14.108695652173914,0.35439137134052384,0.6666666666666666,1.0,,,,,,,,12.0,49.225,0.24377856780091417,0.6666666666666666,1.0,,,,,Critical
2568496,Henom lounge,London,Unspecified,True,False,0.0,1.566304347826087,0.0,,,,,,,8.0,31.32608695652174,0.2553782095766829,1.0,0.5,,,,,,,,23.0,36.025,0.6384455239417072,1.0,0.5,,,,,Critical
1217404,Semen Hotel,London,Unspecified,True,True,0.0,1.3043478260869565,0.0,,,0.0,,,,7.0,26.08695652173913,0.26833333333333337,1.0,1.0,0.25,,,,,,,23.0,30.0,0.7666666666666667,1.0,1.0,0.11004784688995216,,,,Critical
1025235,Intercontinental Hotel,London,Unspecified,True,True,0.0,7.4010869565217385,0.0,,,0.0,,,,5.0,148.02173913043478,0.033778822147158175,0.5,0.0,0.17857142857142858,,,,,,,15.0,170.225,0.08811866647084741,0.5,0.0,0.07177033492822966,,,,Critical
1024273,Magnolia Hotel,Netsanet,Unspecified,True,False,0.0,3.264130434782609,0.0,,,,,,,5.0,65.28260869565217,0.07659007659007659,0.6666666666666666,0.5,,,,,,,,11.0,108.075,0.10178117048346055,0.6666666666666666,0.75,,,,,Critical
1017208,Nathional thaiter,Chandra,Unspecified,True,True,8.0,1.3043478260869565,6.133333333333333,,,8.0,,,,13.0,26.08695652173913,0.49833333333333335,0.5,0.5,0.4642857142857143,,,,,,,32.0,63.0,0.5079365079365079,0.375,0.6666666666666666,0.15311004784688995,,,,Critical
1016941,Hammer lounge,Alemayehu,Unspecified,True,False,0.0,0.9565217391304348,0.0,,,,,,,5.0,19.130434782608695,0.26136363636363635,1.0,1.0,,,,,,,,15.0,55.0,0.2727272727272727,0.8,1.0,,,,,Critical
1014435,Lomiyad Supermarket,Alemayehu,Unspecified,True,False,0.0,0.6521739130434783,0.0,,,,,,,5.0,13.043478260869565,0.38333333333333336,1.0,1.0,,,,,,,,10.0,48.0,0.20833333333333334,1.0,1.0,,,,,Critical
1012499,Getfam Hotel,Alemayehu,Unspecified,True,False,0.0,0.9804347826086957,0.0,,,,,,,5.0,19.608695652173914,0.2549889135254989,1.0,1.0,,,,,,,,25.0,55.55,0.45004500450045004,1.0,1.0,,,,,Critical
1008961,Golden Tulip Hotel,Netsanet,Unspecified,True,False,11.0,3.1225296442687744,3.5227848101265824,,,,,,,16.0,62.450592885375485,0.25620253164556966,0.0,,,,,,,,,37.0,118.01818181818183,0.3135110152518872,0.5,1.0,,,,,Critical
2910023,Geche Asa Bete,Alemayehu,Unspecified,True,False,0.0,0.6521739130434783,0.0,,,,,,,4.0,13.043478260869565,0.3066666666666667,1.0,1.0,,,,,,,,20.0,48.0,0.4166666666666667,1.0,0.8,,,,,Critical
2180386,Vrajn hotel,Netsanet,Unspecified,True,False,0.0,2.3554347826086954,0.0,,,,,,,4.0,47.10869565217391,0.08491001384402401,0.5,1.0,,,,,,,,13.0,87.175,0.14912532262689993,0.75,0.6666666666666666,,,,,Critical
2170889,Ende Bate bar,Alemayehu,Unspecified,True,False,0.0,0.6521739130434783,0.0,,,,,,,4.0,13.043478260869565,0.3066666666666667,1.0,1.0,,,,,,,,8.0,15.0,0.5333333333333333,2.0,0.5,,,,,Critical
2046517,Bekel Bet,Alemayehu,Unspecified,True,False,0.0,0.6521739130434783,0.0,,,,,,,4.0,13.043478260869565,0.3066666666666667,1.0,1.0,,,,,,,,24.0,15.0,1.6,1.0,1.0,,,,,Critical
1716706,Sole Kurt And Kitfo,London,Unspecified,True,False,0.0,3.9051383399209483,0.0,,,,,,,4.0,78.10276679841897,0.05121457489878543,2.0,0.0,,,,,,,,54.0,130.51818181818183,0.4137354600543289,2.0,0.0,,,,,Critical
1607919,Hawinet Kurt and kitfo,Alemayehu,Unspecified,True,False,0.0,0.6521739130434783,0.0,,,,,,,4.0,13.043478260869565,0.3066666666666667,0.0,,,,,,,,,9.0,48.0,0.1875,0.0,,,,,,Critical
1571808,Seven Hotel,Alemayehu,Unspecified,True,False,0.0,0.6521739130434783,0.0,,,,,,,4.0,13.043478260869565,0.3066666666666667,1.0,1.0,,,,,,,,12.0,48.0,0.25,0.8,1.0,,,,,Critical
1561673,Chillies Addis Hotel & Restaurant,Alemayehu,Unspecified,True,False,0.0,0.6521739130434783,0.0,,,,,,,5.0,13.043478260869565,0.38333333333333336,1.0,1.0,,,,,,,,9.0,48.0,0.1875,0.75,1.0,,,,,Critical
1237297,Berlottue Hotel,London,Unspecified,True,False,0.0,0.6521739130434783,0.0,,,,,,,4.0,13.043478260869565,0.3066666666666667,1.0,0.0,,,,,,,,19.0,48.0,0.3958333333333333,1.0,0.0,,,,,Critical
1204750,Tiru Kitfo Bet,Netsanet,Unspecified,True,True,0.0,5.857905138339921,0.0,,,0.0,,,,4.0,117.15810276679844,0.034141898046624604,1.0,1.0,0.14285714285714285,,,,,,,18.0,167.7318181818182,0.10731416492777972,1.0,0.75,0.0861244019138756,,,,Critical
1020888,meskel flower hotel,Netsanet,Unspecified,True,False,0.0,3.7782608695652176,0.0,,,,,,,4.0,75.56521739130434,0.05293440736478711,0.5,1.0,,,,,,,,11.0,119.9,0.09174311926605504,0.8,1.0,,,,,Critical
1009720,Sol Dallas,Alemayehu,Unspecified,True,False,0.0,0.6521739130434783,0.0,,,,,,,4.0,13.043478260869565,0.3066666666666667,0.5,1.0,,,,,,,,11.0,48.0,0.22916666666666666,0.8,1.0,,,,,Critical
1009386,Southern Addis Hotel,Alemayehu,Unspecified,True,False,0.0,0.6521739130434783,0.0,,,,,,,4.0,13.043478260869565,0.3066666666666667,1.0,1.0,,,,,,,,12.0,48.0,0.25,0.75,1.0,,,,,Critical
1008615,Atlas  International Hotel,Alemayehu,Unspecified,True,False,0.0,0.6521739130434783,0.0,,,,,,,5.0,13.043478260869565,0.38333333333333336,1.0,1.0,,,,,,,,19.0,48.0,0.3958333333333333,1.0,1.0,,,,,Critical
1001973,Archi Hotel,London,Unspecified,True,False,0.0,0.9923913043478261,0.0,,,,,,,8.0,19.84782608695652,0.403066812705367,1.0,1.0,,,,,,,,13.0,55.825,0.23287057769816388,1.0,1.0,,,,,Critical
1001071,Antica Bar and Restaurant,Netsanet,Unspecified,True,False,0.0,4.7228260869565215,0.0,,,,,,,4.0,94.45652173913044,0.04234752589182969,0.6666666666666666,0.5,,,,,,,,9.0,141.625,0.06354810238305383,0.8,0.75,,,,,Critical
1201359,Pick Pick Supermarket,Alemayehu,Unspecified,True,False,0.0,0.6521739130434783,0.0,,,,,,,3.0,13.043478260869565,0.23,,,,,,,,,,6.0,15.0,0.4,,,,,,,Critical
2060901,Social bar(selo house,Alemayehu,Unspecified,True,False,0.0,0.6521739130434783,0.0,,,,,,,3.0,13.043478260869565,0.23,,,,,,,,,,3.0,15.0,0.2,,,,,,,Critical
1026941,D afric Hotel,Chandra,Unspecified,True,True,0.0,1.3043478260869565,0.0,,,0.0,,,,3.0,26.08695652173913,0.115,,,0.10714285714285714,,,,,,,58.0,63.0,0.9206349206349206,,,0.27751196172248804,,,,Critical
1024449,East African Hotel,Chandra,Unspecified,True,True,0.0,1.7934782608695652,0.0,,,0.0,,,,3.0,35.869565217391305,0.08363636363636363,,,0.10714285714285714,,,,,,,8.0,74.25,0.10774410774410774,,,0.03827751196172249,,,,Critical
2789801,Kuchina Mesob Bar And Restaurant,Alemayehu,Unspecified,True,False,0.0,0.6521739130434783,0.0,0.0,,,,,,3.0,13.043478260869565,0.23,0.0,,,,,,,,,10.0,48.0,0.20833333333333334,1.0,0.0,,,,,Critical
2757908,Tarik Lounge,Alemayehu,Unspecified,True,False,0.0,0.6521739130434783,0.0,,,,,,,3.0,13.043478260869565,0.23,1.0,1.0,,,,,,,,7.0,15.0,0.4666666666666667,1.5,0.6666666666666666,,,,,Critical
2221331,Kebede butchery(22,Alemayehu,Unspecified,True,False,0.0,0.6521739130434783,0.0,0.0,,,,,,3.0,13.043478260869565,0.23,0.0,,,,,,,,,20.0,48.0,0.4166666666666667,0.5,1.0,,,,,Critical
1564382,Kena Hotel,Alemayehu,Unspecified,True,False,0.0,0.6521739130434783,0.0,,,,,,,3.0,13.043478260869565,0.23,1.0,1.0,,,,,,,,8.0,48.0,0.16666666666666666,1.0,1.0,,,,,Critical
1065627,Medal Hotel,Netsanet,Unspecified,True,False,0.0,14.240217391304347,0.0,,,,,,,3.0,284.80434782608694,0.01053354705747653,1.0,1.0,,,,,,,,13.0,360.525,0.036058525761042924,1.0,1.0,,,,,Critical
1058189,Foyat Hotel,Alemayehu,Unspecified,True,False,0.0,0.6521739130434783,0.0,,,,,,,3.0,13.043478260869565,0.23,0.0,,,,,,,,,5.0,48.0,0.10416666666666667,0.5,1.0,,,,,Critical
1024795,men yitebes,Netsanet,Unspecified,True,False,0.0,3.1565217391304343,0.0,,,,,,,3.0,63.13043478260869,0.0475206611570248,1.0,1.0,,,,,,,,14.0,105.6,0.13257575757575757,1.25,0.8,,,,,Critical
1008545,Mk`s bar,Alemayehu,Unspecified,True,False,0.0,0.6521739130434783,0.0,,,,,,,3.0,13.043478260869565,0.23,1.0,1.0,,,,,,,,17.0,48.0,0.3541666666666667,1.25,0.8,,,,,Critical
1005178,Teshomeche Cultural Restaurant,Netsanet,Unspecified,True,False,0.0,0.6521739130434783,0.0,,,,,,,3.0,13.043478260869565,0.23,0.5,1.0,,,,,,,,5.0,48.0,0.10416666666666667,0.8,1.0,,,,,Critical
1002694,Sami Café and Restaurant,Chandra,Unspecified,True,False,0.0,0.6521739130434783,0.0,0.0,,,,,,3.0,13.043478260869565,0.23,0.25,1.0,,,,,,,,7.0,48.0,0.14583333333333334,0.2222222222222222,1.0,,,,,Critical
1238038,Grand Restaurant,Chandra,Unspecified,True,False,0.0,2.8097826086956523,0.0,,,,,,,7.0,56.19565217391304,0.12456479690522244,,,,,,,,,,26.0,97.625,0.26632522407170295,,,,,,,Critical
2050439,Sodere Resort Hotel,Chandra,Unspecified,True,True,0.0,1.3043478260869565,0.0,,,0.0,,,,2.0,26.08695652173913,0.07666666666666667,,,0.07142857142857142,,,,,,,4.0,63.0,0.06349206349206349,,,0.019138755980861243,,,,Critical
2951769,Yebate Kitfo,Alemayehu,Unspecified,True,False,0.0,0.6521739130434783,0.0,,,,,,,5.0,13.043478260869565,0.38333333333333336,1.0,1.0,,,,,,,,40.0,15.0,2.6666666666666665,2.5,0.4,,,,,Critical
2729788,Romanat hotel,Netsanet,Unspecified,True,False,0.0,4.335573122529644,0.0,,,,,,,7.0,86.71146245059289,0.0807275047862157,1.0,1.0,,,,,,,,69.60606060606061,99.71818181818182,0.6980277752453885,1.3333333333333333,0.5,,,,,Critical
2417722,Fantu Supermarket,Alemayehu,Unspecified,True,False,0.0,0.6521739130434783,0.0,,,,,,,2.0,13.043478260869565,0.15333333333333335,1.0,1.0,,,,,,,,5.0,48.0,0.10416666666666667,1.0,1.0,,,,,Critical
2275518,Bamies Bistro,Alemayehu,Unspecified,True,False,0.0,0.8369565217391305,0.0,,,,,,,2.0,16.73913043478261,0.11948051948051948,0.5,1.0,,,,,,,,27.0,52.25,0.5167464114832536,0.6,1.0,,,,,Critical
1896552,china restsurant,Netsanet,Unspecified,True,False,0.0,0.8369565217391305,0.0,,,,,,,2.0,16.73913043478261,0.11948051948051948,1.0,1.0,,,,,,,,4.0,52.25,0.07655502392344497,0.75,1.0,,,,,Critical
1126810,Dusk Addis,Alemayehu,Unspecified,True,False,0.0,0.7891304347826086,0.0,,,,,,,8.0,15.782608695652172,0.5068870523415978,1.0,1.0,,,,,,,,25.0,51.15,0.4887585532746823,1.0,1.0,,,,,At Risk
1066344,meskot bar&restaurant,London,Unspecified,True,True,0.0,1.3043478260869565,0.0,,,0.0,,,,2.0,26.08695652173913,0.07666666666666667,2.0,0.0,0.07142857142857142,,,,,,,2.0,30.0,0.06666666666666667,2.0,0.0,0.009569377990430622,,,,Critical
1024681,Sakura Japanese Restaurant,Netsanet,Unspecified,True,False,0.0,0.6521739130434783,0.0,,,,,,,2.0,13.043478260869565,0.15333333333333335,1.0,1.0,,,,,,,,8.0,48.0,0.16666666666666666,1.0,1.0,,,,,Critical
1009150,Yilma Butchery,Alemayehu,Unspecified,True,False,0.0,0.6521739130434783,0.0,,,,,,,2.0,13.043478260869565,0.15333333333333335,1.0,1.0,,,,,,,,3.0,48.0,0.0625,1.0,1.0,,,,,Critical
1020216,Cleste Hotel,Netsanet,Unspecified,True,False,0.0,7.018478260869566,0.0,,,,,,,6.0,140.3695652173913,0.04274430850240049,0.3333333333333333,1.0,,,,,,,,9.0,194.425,0.046290343320046286,0.6666666666666666,1.0,,,,,Critical
1000201,Haletawe Ha,Alemayehu,Unspecified,True,False,0.0,0.6521739130434783,0.0,,,,,,,0.0,13.043478260869565,0.0,,,,,,,,,,0.0,48.0,0.0,,,,,,,Critical
2764159,Paris bar(vaccart italian resturant,Alemayehu,Unspecified,True,False,0.0,0.6521739130434783,0.0,,,,,,,0.0,13.043478260869565,0.0,,,,,,,,,,0.0,15.0,0.0,,,,,,,Critical
1238025,Alekeb Hotel,Chandra,Unspecified,True,False,0.0,1.5304347826086957,0.0,,,,,,,0.0,30.608695652173914,0.0,,,,,,,,,,0.0,35.2,0.0,,,,,,,Critical
2959744,Mechu Corner,Chandra,Unspecified,True,False,0.0,0.0,,,,,,,,2.0,0.0,,,,,,,,,,,2.0,0.0,,,,,,,,Critical
1021812,Mejelakesya Serawit Kibeb,Chandra,Unspecified,True,False,0.0,0.6521739130434783,0.0,,,,,,,0.0,13.043478260869565,0.0,,,,,,,,,,19.0,48.0,0.3958333333333333,,0.0,,,,,Critical
2253691,Kebede G/Wolde,Chandra,Unspecified,True,False,0.0,1.1478260869565218,0.0,,,,,,,0.0,22.956521739130434,0.0,,,,,,,,,,2.0,59.4,0.03367003367003367,,,,,,,Critical
1016658,Yod Abyssina cultural,Chandra,Unspecified,True,False,0.0,0.6815217391304348,0.0,,,,,,,0.0,13.630434782608695,0.0,,,,,,,,,,0.0,15.675,0.0,,,,,,,Critical
1238034,Yod Abiysinia cultural,Chandra,Unspecified,True,True,0.0,1.3043478260869565,0.0,,,0.0,,,,0.0,26.08695652173913,0.0,,,0.0,,,,,,,0.0,30.0,0.0,,,0.0,,,,Critical
1025308,Aphridite International Hotel,Chandra,Unspecified,True,True,0.0,1.3043478260869565,0.0,,,0.0,,,,0.0,26.08695652173913,0.0,,0.0,0.0,,,,,,,0.0,63.0,0.0,,0.0,0.0,,,,Critical
1015747,Gefersa Recrational Center,Chandra,Unspecified,True,True,0.0,1.626086956521739,0.0,,,0.0,,,,0.0,32.52173913043478,0.0,,,0.0,,,,,,,0.0,70.4,0.0,,,0.0,,,,Critical
2674458,harer bar&restaurant,London,Unspecified,True,True,0.0,3.774703557312253,0.0,,,0.0,,,,0.0,75.49407114624505,0.0,,,0.0,,,,,,,0.0,86.81818181818181,0.0,,,0.0,,,,Critical
1000760,Avanti Bar and Restaurant,Netsanet,Unspecified,True,False,0.0,0.9326086956521739,0.0,,,,,,,0.0,18.652173913043477,0.0,,,,,,,,,,6.0,54.45,0.11019283746556473,,0.0,,,,,Critical
1577583,Fan Club,Netsanet,Unspecified,True,False,0.0,9.056949934123848,0.0,,,,,,,0.0,181.13899868247694,0.0,,,,,,,,,,5.0,241.3098484848485,0.020720248391826176,,0.0,,,,,Critical
1163784,Jewel of Indian Restaurant,Netsanet,Unspecified,True,False,0.0,0.6521739130434783,0.0,,,,,,,0.0,13.043478260869565,0.0,,,,,,,,,,0.0,48.0,0.0,,,,,,,Critical
2960368,muma's kitchen,London,Unspecified,True,False,0.0,0.908695652173913,0.0,,,,,,,2.0,18.173913043478258,0.11004784688995217,,0.0,,,,,,,,2.0,20.9,0.09569377990430622,,0.0,,,,,Critical
16827727,Kot Hotel,Alemayehu,Unspecified,True,False,0.0,0.6521739130434783,0.0,,,,,,,0.0,13.043478260869565,0.0,0.0,,,,,,,,,0.0,48.0,0.0,0.0,,,,,,Critical
11304338,ZigZag Hotel and spa,Netsanet,Unspecified,True,False,0.0,1.841304347826087,0.0,,,,,,,0.0,36.82608695652174,0.0,0.0,,,,,,,,,0.0,75.35,0.0,0.0,,,,,,Critical
8078175,Nor shger leyu kurtina,London,Unspecified,True,True,0.0,3.857312252964427,0.0,,,0.0,,,,0.0,77.14624505928853,0.0,0.0,,0.0,,,,,,,0.0,88.71818181818182,0.0,0.0,,0.0,,,,Critical
2960501,the grand place Hotel,London,Unspecified,True,False,0.0,3.025,0.0,,,,,,,0.0,60.5,0.0,0.5,1.0,,,,,,,,0.0,69.575,0.0,0.5,1.0,,,,,Critical
2906158,Mesekelgna Leyu Kurt,Alemayehu,Unspecified,True,False,0.0,0.6521739130434783,0.0,0.0,,,,,,0.0,13.043478260869565,0.0,0.0,,,,,,,,,0.0,48.0,0.0,0.0,,,,,,Critical
2849803,Shetaye Suit Hotel,Netsanet,Unspecified,True,False,0.0,1.673913043478261,0.0,,,,,,,0.0,33.47826086956522,0.0,0.5,1.0,,,,,,,,0.0,71.5,0.0,0.8,1.0,,,,,Critical
2780028,12 Menota lounge,Alemayehu,Unspecified,True,False,0.0,0.6521739130434783,0.0,,,,,,,0.0,13.043478260869565,0.0,1.0,1.0,,,,,,,,1.0,48.0,0.020833333333333332,0.6,1.0,,,,,Critical
2064187,Bella Pizza And Pasta,Alemayehu,Unspecified,True,False,0.0,0.6521739130434783,0.0,,,,,,,3.0,13.043478260869565,0.23,1.0,1.0,,,,,,,,6.0,48.0,0.125,0.8,0.75,,,,,Critical
2026360,fikre kunspagna,London,Unspecified,True,True,0.0,7.6163043478260875,0.0,,,0.0,,,,0.0,152.32608695652175,0.0,0.0,,0.0,,,,,,,0.0,175.175,0.0,0.0,,0.0,,,,Critical
1756846,Be enat elfgne Bucthery,Chandra,Unspecified,True,False,0.0,0.6521739130434783,0.0,,,,,,,21.0,13.043478260869565,1.61,0.25,1.0,,,,,,,,43.0,48.0,0.8958333333333334,0.125,1.0,,,,,On Track
1652074,la Mandolin French Restaurant,London,Unspecified,True,False,0.0,2.2119565217391304,0.0,,,,,,,0.0,44.23913043478261,0.0,1.0,0.0,,,,,,,,3.0,50.875,0.05896805896805897,1.0,0.0,,,,,Critical
1631723,Hotto Restaurant,Netsanet,Unspecified,True,False,6.0,1.458695652173913,4.113263785394933,,,,,,,6.0,29.173913043478258,0.20566318926974667,0.0,,,,,,,,,12.0,66.55,0.18031555221637868,0.75,0.6666666666666666,,,,,Critical
1573185,Sowirad hotel,Netsanet,Unspecified,True,False,0.0,0.6521739130434783,0.0,,,,,,,4.0,13.043478260869565,0.3066666666666667,0.0,,,,,,,,,11.0,48.0,0.22916666666666666,0.5,1.0,,,,,Critical
1561365,Tamem bar,Netsanet,Unspecified,True,False,3.0,2.773913043478261,1.0815047021943573,,,,,,,3.0,55.47826086956521,0.05407523510971787,0.3333333333333333,1.0,,,,,,,,7.0,96.8,0.07231404958677687,0.4,1.0,,,,,Critical
1237298,Aselefech Mergiya Hotel,London,Unspecified,True,False,0.0,1.8293478260869567,0.0,,,,,,,0.0,36.58695652173913,0.0,1.0,0.0,,,,,,,,13.0,75.075,0.17316017316017315,1.0,0.0,,,,,Critical
1235789,Bwon korea resturant,Netsanet,Unspecified,True,False,0.0,4.543478260869565,0.0,,,,,,,0.0,90.8695652173913,0.0,0.0,,,,,,,,,10.0,137.5,0.07272727272727272,0.5,1.0,,,,,Critical
1233331,yjet Kitfo,Netsanet,Unspecified,True,False,0.0,4.675,0.0,,,,,,,0.0,93.5,0.0,0.3333333333333333,1.0,,,,,,,,4.0,140.525,0.028464685998932572,0.5,0.6666666666666666,,,,,Critical
1231987,Amerega buchery,Chandra,Unspecified,True,True,0.0,1.3043478260869565,0.0,0.0,,0.0,,,,0.0,26.08695652173913,0.0,0.25,1.0,0.0,,,,,,,48.0,63.0,0.7619047619047619,0.3333333333333333,1.0,0.22966507177033493,,,,Critical
1203098,2000 Habesha Cultural House No2,Netsanet,Unspecified,True,True,0.0,1.3043478260869565,0.0,,,0.0,,,,7.0,26.08695652173913,0.26833333333333337,1.0,1.0,0.25,,,,,,,29.0,63.0,0.4603174603174603,1.0,1.0,0.13875598086124402,,,,Critical
1163714,Noah bar&restaurant,London,Unspecified,True,True,0.0,3.774703557312253,0.0,,,0.0,,,,0.0,75.49407114624505,0.0,0.0,,0.0,,,,,,,0.0,86.81818181818181,0.0,0.0,,0.0,,,,Critical
1070790,The Bonroyal Hotel,Netsanet,Unspecified,True,False,0.0,1.7934782608695652,0.0,,,,,,,0.0,35.869565217391305,0.0,0.0,,,,,,,,,0.0,74.25,0.0,0.0,,,,,,Critical
1066889,Diamond Hotel,Netsanet,Unspecified,True,False,0.0,6.803260869565217,0.0,,,,,,,0.0,136.06521739130434,0.0,0.6666666666666666,0.5,,,,,,,,5.0,189.475,0.026388705633988655,0.8333333333333334,0.8,,,,,Critical
1055371,Bellevue Hotel,London,Unspecified,True,False,0.0,4.543478260869565,0.0,,,,,,,0.0,90.8695652173913,0.0,2.0,0.0,,,,,,,,0.0,137.5,0.0,2.0,0.0,,,,,Critical
1049670,Empire Addis  Hotel,Netsanet,Unspecified,True,False,0.0,0.9445652173913044,0.0,,,,,,,0.0,18.891304347826086,0.0,0.0,,,,,,,,,4.0,54.725,0.07309273640931932,0.5,0.5,,,,,Critical
1048012,Top Ten Hotel,London,Unspecified,True,False,0.0,1.5065217391304346,0.0,,,,,,,8.0,30.130434782608695,0.26551226551226553,1.0,1.0,,,,,,,,8.0,67.65,0.11825572801182556,1.0,1.0,,,,,Critical
1026662,Filwuha Hotel,Chandra,Unspecified,True,True,0.0,2.989130434782609,0.0,,,0.0,,,,0.0,59.78260869565217,0.0,0.0,,0.0,,,,,,,0.0,101.75,0.0,0.0,,0.0,,,,Critical
1024356,Velvet Bar and Restaurant,Netsanet,Unspecified,True,False,0.0,0.7054347826086957,0.0,,,,,,,0.0,14.108695652173914,0.0,0.0,,,,,,,,,3.0,49.225,0.06094464195022854,0.6,1.0,,,,,Critical
1016684,Dreamliner Hotel,Netsanet,Unspecified,True,False,0.0,0.8369565217391305,0.0,,,,,,,16.0,16.73913043478261,0.9558441558441558,0.5,1.0,,,,,,,,28.0,19.25,1.4545454545454546,1.0,0.6666666666666666,,,,,On Track
1016573,Tya,Netsanet,Unspecified,True,False,0.0,0.6521739130434783,0.0,,,,,,,0.0,13.043478260869565,0.0,0.5,1.0,,,,,,,,10.0,48.0,0.20833333333333334,0.6,1.0,,,,,Critical
1011906,Momona Hotel,Netsanet,Unspecified,True,False,0.0,1.0641304347826088,0.0,,,,,,,0.0,21.282608695652176,0.0,0.6666666666666666,0.5,,,,,,,,6.0,57.475,0.10439321444106132,1.0,0.4,,,,,Critical
1011735,Sabon Hotel,Netsanet,Unspecified,True,False,11.0,1.6978260869565216,6.47887323943662,,,,,,,11.0,33.95652173913043,0.32394366197183105,0.5,1.0,,,,,,,,16.0,39.05,0.4097311139564661,0.5,1.0,,,,,Critical
1011506,Mena Hotel,Chandra,Unspecified,True,True,0.0,1.3043478260869565,0.0,0.0,,0.0,,,,0.0,26.08695652173913,0.0,0.0,,0.0,,,,,,,0.0,63.0,0.0,0.0,,0.0,,,,Critical
1008584,Marriott Hotel,Netsanet,Unspecified,True,True,0.0,1.3043478260869565,0.0,,,0.0,,,,0.0,26.08695652173913,0.0,0.0,,0.0,,,,,,,0.0,63.0,0.0,0.0,,0.0,,,,Critical
1008531,Trinity Hotel,Alemayehu,Unspecified,True,False,0.0,0.6521739130434783,0.0,,,,,,,0.0,13.043478260869565,0.0,0.0,,,,,,,,,0.0,48.0,0.0,0.0,,,,,,Critical
1001326,Addis view Hotel,London,Unspecified,True,True,0.0,3.85,0.0,,,0.0,,,,0.0,77.0,0.0,1.0,0.0,0.0,,,,,,,0.0,121.55,0.0,1.0,0.0,0.0,,,,Critical
1001215,Pasfic Hotel,London,Unspecified,True,False,0.0,0.9565217391304348,0.0,,,,,,,0.0,19.130434782608695,0.0,1.0,1.0,,,,,,,,10.0,55.0,0.18181818181818182,1.0,1.0,,,,,Critical
1000762,Relianece hotel,Netsanet,Unspecified,True,False,0.0,2.3554347826086954,0.0,,,,,,,0.0,47.10869565217391,0.0,0.0,,,,,,,,,6.0,87.175,0.06882707198164612,0.75,0.3333333333333333,,,,,Critical
1000482,Capital Hotel and Spa,Alemayehu,Unspecified,True,False,0.0,0.6521739130434783,0.0,,,,,,,0.0,13.043478260869565,0.0,0.0,,,,,,,,,0.0,48.0,0.0,0.0,,,,,,Critical
1000401,Beer Garden Inn.,Netsanet,Unspecified,True,False,0.0,2.893478260869565,0.0,,,,,,,0.0,57.8695652173913,0.0,1.0,1.0,,,,,,,,6.0,99.55,0.06027122049221497,1.0,0.8333333333333334,,,,,Critical
296038,Table 5,London,Unspecified,True,False,0.0,0.6521739130434783,0.0,,,,,,,0.0,13.043478260869565,0.0,0.0,,,,,,,,,0.0,15.0,0.0,0.0,,,,,,Critical
257457,Kategna Bar and Restaurant,Netsanet,Unspecified,True,False,0.0,2.176086956521739,0.0,,,,,,,0.0,43.52173913043478,0.0,0.0,,,,,,,,,0.0,50.05,0.0,0.0,,,,,,Critical
178430,Faceoff,Netsanet,Unspecified,True,False,0.0,2.1880434782608695,0.0,,,,,,,0.0,43.76086956521739,0.0,0.0,,,,,,,,,0.0,83.325,0.0,0.0,,,,,,Critical
